filename,caption
daisy\10140303196_b88d3d6cec.jpg,"a close up of a white flower with yellow center, a type of daisy"
daisy\10172379554_b296050f82_n.jpg,"a puddle with water, a type of daisy"
daisy\10172567486_2748826a8b.jpg,"flowers in a glass vase, a type of daisy"
daisy\10172636503_21bededa75_n.jpg,"a woman with a flower in her hair, a type of daisy"
daisy\10391248763_1d16681106_n.jpg,"a little girl in a red dress is walking through a field of daies, a type of daisy"
daisy\10437754174_22ec990b77_m.jpg,"a single white flower, a type of daisy"
daisy\10437770546_8bb6f7bdd3_m.jpg,"black and white photograph of a single flower, a type of daisy"
daisy\10437929963_bc13eebe0c.jpg,"a close up of a flower with a blury background, a type of daisy"
daisy\10466290366_cc72e33532.jpg,"a bunch of white flowers sitting on top of a green plant, a type of daisy"
daisy\10466558316_a7198b87e2.jpg,"a close up of some white flowers, a type of daisy"
daisy\10555749515_13a12a026e.jpg,"a bee on a flower, a type of daisy"
daisy\10555815624_dc211569b0.jpg,"a bee on a flower, a type of daisy"
daisy\10555826524_423eb8bf71_n.jpg,"a bunch of purple flowers with yellow centers, a type of daisy"
daisy\10559679065_50d2b16f6d.jpg,"a white flower, a type of daisy"
daisy\10712722853_5632165b04.jpg,"a white flower with yellow center, a type of daisy"
daisy\10770585085_4742b9dac3_n.jpg,"a white flower with purple centers, a type of daisy"
daisy\10841136265_af473efc60.jpg,"a white flower with a yellow center, a type of daisy"
daisy\10993710036_2033222c91.jpg,"a bunch of white flowers, a type of daisy"
daisy\10993818044_4c19b86c82.jpg,"a bunch of white flowers, a type of daisy"
daisy\10994032453_ac7f8d9e2e.jpg,"a bunch of white flowers sitting on top of a green plant, a type of daisy"
daisy\11023214096_b5b39fab08.jpg,"a bunch of white flowers with yellow centers, a type of daisy"
daisy\11023272144_fce94401f2_m.jpg,"a bunch of white daies, a type of daisy"
daisy\11023277956_8980d53169_m.jpg,"a bunch of white flowers, a type of daisy"
daisy\11124324295_503f3a0804.jpg,"a flower in the fore of a person, a type of daisy"
daisy\11439894966_dca877f0cd.jpg,"a bunch of flowers, a type of daisy"
daisy\11834945233_a53b7a92ac_m.jpg,"a small white flower, a type of daisy"
daisy\11870378973_2ec1919f12.jpg,"a field of dai dai dai dai dai dai dai dai dai dai dai dai dai dai dai dai dai dai, a type of daisy"
daisy\11891885265_ccefec7284_n.jpg,"a flower is sitting on top of a book, a type of daisy"
daisy\12193032636_b50ae7db35_n.jpg,"a white flower with yellow center, a type of daisy"
daisy\12348343085_d4c396e5b5_m.jpg,"a close up of a flower with water droplets, a type of daisy"
daisy\12585131704_0f64b17059_m.jpg,"a bunch of white flowers, a type of daisy"
daisy\12601254324_3cb62c254a_m.jpg,"a flower in the water, a type of daisy"
daisy\12701063955_4840594ea6_n.jpg,"a field of dai dai dai dai dai dai dai dai dai dai dai dai dai dai dai dai dai dai, a type of daisy"
daisy\12891819633_e4c82b51e8.jpg,"a small white flower sitting in the grass, a type of daisy"
daisy\13491959645_2cd9df44d6_n.jpg,"a white flower with yellow center, a type of daisy"
daisy\13583238844_573df2de8e_m.jpg,"a field of flowers, a type of daisy"
daisy\13826249325_f61cb15f86_n.jpg,"a bunch of white flowers floating in a pond, a type of daisy"
daisy\13901930939_a7733c03f0_n.jpg,"a single white flower with a yellow center, a type of daisy"
daisy\13953307149_f8de6a768c_m.jpg,"a white flower, a type of daisy"
daisy\13977181862_f8237b6b52.jpg,"a white flower with yellow center, a type of daisy"
daisy\14021430525_e06baf93a9.jpg,"a field of wild flowers, a type of daisy"
daisy\14073784469_ffb12f3387_n.jpg,"a white flower with yellow center, a type of daisy"
daisy\14087947408_9779257411_n.jpg,"a blue butterfly on a white flower, a type of daisy"
daisy\14088053307_1a13a0bf91_n.jpg,"a green wall, a type of daisy"
daisy\14114116486_0bb6649bc1_m.jpg,"a field of dai dai dai dai dai dai dai dai dai dai dai dai dai dai dai dai dai dai, a type of daisy"
daisy\14147016029_8d3cf2414e.jpg,"a bunch of flowers, a type of daisy"
daisy\14163875973_467224aaf5_m.jpg,"a bunch of daies, a type of daisy"
daisy\14167534527_781ceb1b7a_n.jpg,"a white flower, a type of daisy"
daisy\14167543177_cd36b54ac6_n.jpg,"a close up of a white flower with yellow center, a type of daisy"
daisy\14219214466_3ca6104eae_m.jpg,"a white flower with yellow center, a type of daisy"
daisy\14221836990_90374e6b34.jpg,"a field of dai dai dai dai dai dai dai dai dai dai dai dai dai dai dai dai dai dai, a type of daisy"
daisy\14221848160_7f0a37c395.jpg,"a field of dai daies, a type of daisy"
daisy\14245834619_153624f836.jpg,"black and white flowers, a type of daisy"
daisy\14264136211_9531fbc144.jpg,"a single flower on a purple background, a type of daisy"
daisy\14272874304_47c0a46f5a.jpg,"two white flowers, a type of daisy"
daisy\14307766919_fac3c37a6b_m.jpg,"a white flower in a vase, a type of daisy"
daisy\14330343061_99478302d4_m.jpg,"a bunch of flowers, a type of daisy"
daisy\14332947164_9b13513c71_m.jpg,"a plant with yellow flowers, a type of daisy"
daisy\14333681205_a07c9f1752_m.jpg,"a bee on a flower, a type of daisy"
daisy\14350958832_29bdd3a254.jpg,"a vase of white flowers, a type of daisy"
daisy\14354051035_1037b30421_n.jpg,"a person ' s hand holding a white flower, a type of daisy"
daisy\14372713423_61e2daae88.jpg,"a bunch of white flowers sitting on top of a table, a type of daisy"
daisy\14399435971_ea5868c792.jpg,"a bunch of white flowers, a type of daisy"
daisy\14402451388_56545a374a_n.jpg,"a bee on a flower in the wild, a type of daisy"
daisy\14421389519_d5fd353eb4.jpg,"a fly on a flower, a type of daisy"
daisy\14471433500_cdaa22e3ea_m.jpg,"a field of white daies, a type of daisy"
daisy\14485782498_fb342ec301.jpg,"a field of dai dai dai dai dai dai dai dai dai dai dai dai dai dai dai dai dai dai, a type of daisy"
daisy\14507818175_05219b051c_m.jpg,"a field of daies, a type of daisy"
daisy\14523675369_97c31d0b5b.jpg,"a white flower, a type of daisy"
daisy\14551098743_2842e7a004_n.jpg,"a field of dai dai dai dai dai dai dai dai dai dai dai dai dai dai dai dai dai dai, a type of daisy"
daisy\14554906452_35f066ffe9_n.jpg,"a bunch of flowers, a type of daisy"
daisy\14564545365_1f1d267bf1_n.jpg,"a white flower with a bug on it, a type of daisy"
daisy\14569895116_32f0dcb0f9.jpg,"white flowers with yellow centers, a type of daisy"
daisy\14591326135_930703dbed_m.jpg,"a picture of a flower, a type of daisy"
daisy\14600779226_7bbc288d40_m.jpg,"a field of flowers, a type of daisy"
daisy\14613443462_d4ed356201.jpg,"a white flower with yellow center, a type of daisy"
daisy\14621687774_ec52811acd_n.jpg,"a field of dai dai dai dai dai dai dai dai dai dai dai dai dai dai dai dai dai dai, a type of daisy"
daisy\14674743211_f68b13f6d9.jpg,"a bunch of flowers, a type of daisy"
daisy\14698531521_0c2f0c6539.jpg,"a bunch of white flowers, a type of daisy"
daisy\14707111433_cce08ee007.jpg,"white flowers in a vase, a type of daisy"
daisy\14716799982_ed6d626a66.jpg,"a single white flower, a type of daisy"
daisy\14816364517_2423021484_m.jpg,"a white flower in the grass, a type of daisy"
daisy\14866200659_6462c723cb_m.jpg,"a white flower in the grass, a type of daisy"
daisy\14907815010_bff495449f.jpg,"a bunch of white flowers, a type of daisy"
daisy\14921511479_7b0a647795.jpg,"a single daisy in a field of grass, a type of daisy"
daisy\15029936576_8d6f96c72c_n.jpg,"a white flower with yellow center, a type of daisy"
daisy\15306268004_4680ba95e1.jpg,"a bunch of white flowers with yellow centers, a type of daisy"
daisy\15327813273_06cdf42210.jpg,"a bunch of white flowers with yellow centers, a type of daisy"
daisy\15760153042_a2a90e9da5_m.jpg,"a single flower growing out of a rock, a type of daisy"
daisy\15760811380_4d686c892b_n.jpg,"a white flower in a field, a type of daisy"
daisy\15784493690_b1858cdb2b_n.jpg,"a white flower with a bee on it, a type of daisy"
daisy\15813862117_dedcd1c56f_m.jpg,"a vase of flowers on a table, a type of daisy"
daisy\15853110333_229c439e7f.jpg,"a white and yellow flower sitting on top of a green leaf, a type of daisy"
daisy\16020253176_60f2a6a5ca_n.jpg,"a white flower with water droplets on it, a type of daisy"
daisy\16025261368_911703a536_n.jpg,"a bunch of white flowers, a type of daisy"
daisy\16121105382_b96251e506_m.jpg,"a field of white flowers, a type of daisy"
daisy\16161045294_70c76ce846_n.jpg,"a bunch of white flowers, a type of daisy"
daisy\16291797949_a1b1b7c2bd_n.jpg,"a close up of a white flower with yellow center, a type of daisy"
daisy\16360180712_b72695928c_n.jpg,"a white flower in a field of green grass, a type of daisy"
daisy\16401288243_36112bd52f_m.jpg,"a field of flowers, a type of daisy"
daisy\16482676953_5296227d40_n.jpg,"a white flower with a bug on it, a type of daisy"
daisy\16492248512_61a57dfec1_m.jpg,"a white flower with a bee on it, a type of daisy"
daisy\16527403771_2391f137c4_n.jpg,"a bee on a flower, a type of daisy"
daisy\16737503507_431768a927.jpg,"a white flower with yellow center, a type of daisy"
daisy\16819071290_471d99e166_m.jpg,"a bunch of white flowers, a type of daisy"
daisy\16833748795_b681b2839f_n.jpg,"a white flower in the grass, a type of daisy"
daisy\17027891179_3edc08f4f6.jpg,"a close up of a white flower with yellow center, a type of daisy"
daisy\17101762155_2577a28395.jpg,"a small plant growing in a stone path, a type of daisy"
daisy\17249393016_093e915012_n.jpg,"a flower with a yellow center, a type of daisy"
daisy\17357636476_1953c07aa4_n.jpg,"a bunch of purple flowers in a garden, a type of daisy"
daisy\18023717391_e2c9089e10.jpg,"a bunch of white flowers, a type of daisy"
daisy\18195689904_46619b7e16_n.jpg,"a white flower with yellow center, a type of daisy"
daisy\18203367608_07a04e98a4_n.jpg,"a small white flower in the middle of a field, a type of daisy"
daisy\18354545086_693ea7bc2a.jpg,"a bee on a flower, a type of daisy"
daisy\18400014056_2e4c601ed5.jpg,"a field of dai dai dai dai dai dai dai dai dai dai dai dai dai dai dai dai dai dai, a type of daisy"
daisy\18442919723_d1251d3e14_n.jpg,"a bee on a flower, a type of daisy"
daisy\18474740346_ffdaa18032.jpg,"a pot of flowers, a type of daisy"
daisy\18582579815_4c6637e9ff_m.jpg,"a field of white flowers, a type of daisy"
daisy\18622672908_eab6dc9140_n.jpg,"a field of daies, a type of daisy"
daisy\18635898912_eb8e058ef0.jpg,"a bunch of flowers, a type of daisy"
daisy\18679421522_3be9879e32.jpg,"a little girl holding a flower in her hands, a type of daisy"
daisy\18684594849_7dd3634f5e_n.jpg,"a small white flower with yellow centers, a type of daisy"
daisy\18711159980_11d3bd5042.jpg,"a white flower with yellow center, a type of daisy"
daisy\18901817451_43e2b45f6c.jpg,"a white flower with yellow center, a type of daisy"
daisy\19019544592_b64469bf84_n.jpg,"a bunch of daies, a type of daisy"
daisy\19177263840_6a316ea639.jpg,"a white daisy flower with yellow centers, a type of daisy"
daisy\19178753159_a471bf4b6b.jpg,"a white flower with yellow center, a type of daisy"
daisy\19280272025_57de24e940_m.jpg,"a white flower with water droplets on it, a type of daisy"
daisy\19544831049_0d738d4872_m.jpg,"a white flower with yellow center, a type of daisy"
daisy\19653086178_28156b7ce4_m.jpg,"a field of flowers, a type of daisy"
daisy\19813618946_93818db7aa_m.jpg,"a white flower with yellow center, a type of daisy"
daisy\19834392829_7d697871f6.jpg,"a white flower with yellow center, a type of daisy"
daisy\19865728236_a62f8f445b_n.jpg,"a single blue flower in a field, a type of daisy"
daisy\19975899671_ebc42b7865_n.jpg,"a butterfly on a flower, a type of daisy"
daisy\20182559506_40a112f762.jpg,"a field of dai dai dai dai dai dai dai dai dai dai dai dai dai dai dai dai dai dai, a type of daisy"
daisy\20289938802_e16fa9f23d.jpg,"a bunch of white flowers with yellow centers, a type of daisy"
daisy\20329326505_a777c71cc2.jpg,"a bee on a flower, a type of daisy"
daisy\20580471306_ab5a011b15_n.jpg,"a picture of a bug on a flower, a type of daisy"
daisy\20619292635_9857a12d54.jpg,"a bunch of white flowers, a type of daisy"
daisy\20685027271_0e7306e7c1_n.jpg,"white dai dai dai dai dai dai dai dai dai dai dai dai dai dai dai dai dai dai dai dai, a type of daisy"
daisy\20703737132_179560d0fb.jpg,"a field of white flowers, a type of daisy"
daisy\20773528301_008fcbc5a1_n.jpg,"white and yellow daies by mari stach for stocksy on 500px, a type of daisy"
daisy\20948886919_cac7844f34_n.jpg,"a lady bug on a flower, a type of daisy"
daisy\21402054779_759366efb0_n.jpg,"a bee on a flower, a type of daisy"
daisy\21626652132_97e1318bb8_m.jpg,"white dai dai dai dai dai dai dai dai dai dai dai dai dai dai dai dai dai dai dai dai, a type of daisy"
daisy\21805938544_bf6bb0e4bc.jpg,"a bunch of pink flowers, a type of daisy"
daisy\22244161124_53e457bb66_n.jpg,"a bunch of flowers, a type of daisy"
daisy\22873310415_3a5674ec10_m.jpg,"a bunch of dai dai dai dai dai dai dai dai dai dai dai dai dai dai dai dai dai dai, a type of daisy"
daisy\23095658544_7226386954_n.jpg,"a fly on a flower, a type of daisy"
daisy\2481823240_eab0d86921.jpg,"a bum is sitting on a flower, a type of daisy"
daisy\2482982436_a2145359e0_n.jpg,"a flower with a white background and a black background, a type of daisy"
daisy\2488902131_3417698611_n.jpg,"a bunch of white flowers, a type of daisy"
daisy\2498632196_e47a472d5a.jpg,"a white flower, a type of daisy"
daisy\2509545845_99e79cb8a2_n.jpg,"a pink flower with a green center, a type of daisy"
daisy\2511306240_9047015f2d_n.jpg,"a bunch of daies, a type of daisy"
daisy\2513618768_ff7c004796_m.jpg,"a white flower with yellow center, a type of daisy"
daisy\2514748602_343d4727c0_n.jpg,"a bunch of daies with water droplets on them, a type of daisy"
daisy\2520369272_1dcdb5a892_m.jpg,"a pink flower with a green center, a type of daisy"
daisy\2521408074_e6f86daf21_n.jpg,"a white flower with a yellow center, a type of daisy"
daisy\2536529152_33ef3ee078_n.jpg,"a bunch of flowers, a type of daisy"
daisy\2538504987_fe524b92a8_n.jpg,"a white flower in the grass, a type of daisy"
daisy\2539552964_921cf645ba_n.jpg,"a person holding a flower in their hands, a type of daisy"
daisy\2551708158_1f10e81e11.jpg,"a flower in the sand, a type of daisy"
daisy\2556503265_63ae6b9e0e_m.jpg,"a white sign with a flower on it, a type of daisy"
daisy\2561352120_7961d8263f.jpg,"a close up of a flower with water droplets, a type of daisy"
daisy\2561371688_c80a4fe957_n.jpg,"a close up of a flower with a green background, a type of daisy"
daisy\2567033807_8e918c53d8_n.jpg,"a bee on a white flower, a type of daisy"
daisy\2573240560_ff7ffdd449.jpg,"a white flower with a yellow center, a type of daisy"
daisy\2578695910_5ab8ee17c1_n.jpg,"a white flower with yellow centers, a type of daisy"
daisy\2579018590_74359dcf1a_m.jpg,"a white flower, a type of daisy"
daisy\2581171297_b0a249b92b_n.jpg,"a white flower in a field with blue sky, a type of daisy"
daisy\2590291468_2635d3e4e0_n.jpg,"a flower in a vase, a type of daisy"
daisy\2599662355_7782218c83.jpg,"a white flower, a type of daisy"
daisy\2607132536_d95198e619_n.jpg,"a field of flowers, a type of daisy"
daisy\2611119198_9d46b94392.jpg,"a bee on a flower, a type of daisy"
daisy\2612704455_efce1c2144_m.jpg,"a white flower in a pot, a type of daisy"
daisy\2617111535_54c2ac8462.jpg,"a field of flowers, a type of daisy"
daisy\2619413565_61a6cd3ac9_m.jpg,"a bunch of white flowers, a type of daisy"
daisy\2621723097_736febb4a4_n.jpg,"a couple of white flowers sitting in the grass, a type of daisy"
daisy\2627815904_919373e7f5.jpg,"white flowers in the garden, a type of daisy"
daisy\2632216904_274aa17433.jpg,"three white flowers, a type of daisy"
daisy\2635314490_e12d3b0f36_m.jpg,"a spider on a flower, a type of daisy"
daisy\2641151167_3bf1349606_m.jpg,"a bee on a flower, a type of daisy"
daisy\2641979584_2b21c3fe29_m.jpg,"a bee on a flower, a type of daisy"
daisy\2642408410_61545fdc83_n.jpg,"a white flower with yellow center, a type of daisy"
daisy\2646438199_b309cffd65_n.jpg,"a flower in a vase with a butterfly on it, a type of daisy"
daisy\2649404904_b7a91991bb_n.jpg,"a couple of white flowers, a type of daisy"
daisy\2666572212_2caca8de9f_n.jpg,"a bunch of flowers, a type of daisy"
daisy\2713919471_301fcc941f.jpg,"a white flower with a yellow center, a type of daisy"
daisy\2812442552_3eed5fb9f2_m.jpg,"a picture of a bunch of purple flowers, a type of daisy"
daisy\2828733818_1c1ed0089d_n.jpg,"a white flower with a bee on it, a type of daisy"
daisy\2838487505_6c3b48efa5_m.jpg,"a small white flower, a type of daisy"
daisy\2862944799_45bc8e7302.jpg,"a field of white flowers, a type of daisy"
daisy\2877860110_a842f8b14a_m.jpg,"a white daisy with yellow center, a type of daisy"
daisy\2889325612_f2fc403ff0_m.jpg,"a chair with a stuffed animal on it, a type of daisy"
daisy\2901376034_cdb4bac26b_m.jpg,"a bunch of pink flowers, a type of daisy"
daisy\2908212142_5437fa67ff_n.jpg,"a single flower in the middle of a blue sky, a type of daisy"
daisy\3025866885_22fb0b61c6_n.jpg,"a bunch of flowers in a field with a quote, a type of daisy"
daisy\3080880039_4f1bd592e5_n.jpg,"a white flower with yellow center, a type of daisy"
daisy\3084924076_4d5c5711af_m.jpg,"a black and white flower with a quote, a type of daisy"
daisy\3098641292_76c908ba1f_n.jpg,"a bee on a flower, a type of daisy"
daisy\3117644024_1cbb59a509_n.jpg,"a flower with water droplets on it, a type of daisy"
daisy\3275951182_d27921af97_n.jpg,"a white flower with a yellow center, a type of daisy"
daisy\3285641623_da0e47f49a.jpg,"a bee on a flower, a type of daisy"
daisy\3310644753_5607eb96a4_m.jpg,"a white flower with yellow center, a type of daisy"
daisy\3326037909_b5ae370722_n.jpg,"a white flower with yellow center, a type of daisy"
daisy\3336704121_cfeb67a7d7.jpg,"a bunch of daies, a type of daisy"
daisy\3337536080_1db19964fe.jpg,"a field of white and yellow flowers, a type of daisy"
daisy\3337643329_accc9b5426.jpg,"a bee on a flower, a type of daisy"
daisy\3338077096_3a8ed0e2bc_m.jpg,"a white flower in a pot, a type of daisy"
daisy\3356112863_75da8bca2c_m.jpg,"a group of white flowers, a type of daisy"
daisy\3379332157_04724f6480.jpg,"a white flower in the grass, a type of daisy"
daisy\3386988684_bc5a66005e.jpg,"three flowers in a vase, a type of daisy"
daisy\3410906335_37e8a24b1c_n.jpg,"a flower with a yellow center, a type of daisy"
daisy\3415180846_d7b5cced14_m.jpg,"a vase with flowers, a type of daisy"
daisy\3440366251_5b9bdf27c9_m.jpg,"a white flower with a yellow center, a type of daisy"
daisy\3445110406_0c1616d2e3_n.jpg,"a dog laying in the grass with a flower in its mouth, a type of daisy"
daisy\3450822975_7e77d67636_n.jpg,"a bunch of dai dai dai dai dai dai dai dai dai dai dai dai dai dai dai dai dai dai, a type of daisy"
daisy\3456403987_5bd5fa6ece_n.jpg,"a white flower in the grass, a type of daisy"
daisy\3463313493_9497aa47e5_n.jpg,"a bunch of flowers, a type of daisy"
daisy\3468498624_d082f99e98.jpg,"two white flowers, a type of daisy"
daisy\3474942718_c418dae6f1.jpg,"a bunch of flowers, a type of daisy"
daisy\3475870145_685a19116d.jpg,"a field of flowers, a type of daisy"
daisy\3483303007_42e3f90da7.jpg,"a black and white photo of flowers in pots, a type of daisy"
daisy\3491933306_43cfe2cfbe.jpg,"a white flower in the grass, a type of daisy"
daisy\3494265422_9dba8f2191_n.jpg,"a black and white cat sitting in a field of flowers, a type of daisy"
daisy\3504430338_77d6a7fab4_n.jpg,"a field of white flowers with a blue sky in the background, a type of daisy"
daisy\3506866918_61dd5fc53b_n.jpg,"a bunch of white flowers, a type of daisy"
daisy\3533954656_79156c8473.jpg,"a white flower with yellow center, a type of daisy"
daisy\3546455114_cd2dea5e02.jpg,"a field of flowers, a type of daisy"
daisy\3552074420_2a0a7166db_m.jpg,"a butterfly on a flower, a type of daisy"
daisy\3588872598_e0f9a1d2a1_m.jpg,"a field of green grass, a type of daisy"
daisy\3598615130_578ed30e5f.jpg,"a fly on a flower, a type of daisy"
daisy\3611577717_f3a7a8c416_n.jpg,"a bunch of flowers, a type of daisy"
daisy\3625257860_33efeef614_m.jpg,"a white flower with a yellow center, a type of daisy"
daisy\3627678863_557552c879_m.jpg,"a person holding a flower in their hand, a type of daisy"
daisy\3628485766_4ff937954a_n.jpg,"a person holding a flower in their hands, a type of daisy"
daisy\3633489595_a037a9b7a4_m.jpg,"a single white flower, a type of daisy"
daisy\3637428148_a1dcccafa9_n.jpg,"a bunch of flowers, a type of daisy"
daisy\3639009391_0f910681b7.jpg,"a flower in a field, a type of daisy"
daisy\3640845041_80a92c4205_n.jpg,"a white flower with yellow centers, a type of daisy"
daisy\3661613900_b15ca1d35d_m.jpg,"a bunch of white flowers, a type of daisy"
daisy\3695826945_9f374e8a00_m.jpg,"a field of daies, a type of daisy"
daisy\3699235066_fc09a02dfe_m.jpg,"a flower in the grass, a type of daisy"
daisy\3703643767_dee82cdef9_n.jpg,"a white flower with water droplets on it, a type of daisy"
daisy\3704305945_a80e60e2f6_m.jpg,"a field of flowers, a type of daisy"
daisy\3704306975_75b74497d8.jpg,"a field of flowers, a type of daisy"
daisy\3706420943_66f3214862_n.jpg,"a pink flower with water droplets on it, a type of daisy"
daisy\3711723108_65247a3170.jpg,"a white flower with yellow center, a type of daisy"
daisy\3711892138_b8c953fdc1_z.jpg,"a field of flowers, a type of daisy"
daisy\3713290261_8a66de23ab.jpg,"a bunch of white flowers, a type of daisy"
daisy\3717746329_53f515c6a6_m.jpg,"a white flower with a blue sky in the background, a type of daisy"
daisy\3720632920_93cf1cc7f3_m.jpg,"a white daisy with water droplets on it, a type of daisy"
daisy\3750250718_eb61146c5f.jpg,"white flowers in a field, a type of daisy"
daisy\3750771898_cfd50090ba_n.jpg,"a white flower with a yellow center, a type of daisy"
daisy\3758221664_b19116d61f.jpg,"a white flower, a type of daisy"
daisy\3764116502_f394428ee0_n.jpg,"a bunch of white flowers, a type of daisy"
daisy\3773181799_5def396456.jpg,"a close up of a flower with a blury background, a type of daisy"
daisy\3780380240_ef9ec1b737_m.jpg,"a white flower in a field of green, a type of daisy"
daisy\3848258315_ed2fde4fb4.jpg,"a fly on a leaf, a type of daisy"
daisy\3861452393_14d2f95157_m.jpg,"a bunch of white flowers, a type of daisy"
daisy\3900172983_9312fdf39c_n.jpg,"a white flower with a black background, a type of daisy"
daisy\3939135368_0af5c4982a_n.jpg,"a bee on a flower, a type of daisy"
daisy\3957488431_52a447c0e8_m.jpg,"a single flower in a field of red flowers, a type of daisy"
daisy\3962240986_0661edc43a_n.jpg,"a picture of a flower with a sky background, a type of daisy"
daisy\3963330924_6c6a3fa7be_n.jpg,"a bunch of white flowers, a type of daisy"
daisy\3975010332_3209f9f447_m.jpg,"a small white flower, a type of daisy"
daisy\3999978867_c67c79597f_m.jpg,"a close up of a flower with a blury background, a type of daisy"
daisy\4065883015_4bb6010cb7_n.jpg,"a field of grass, a type of daisy"
daisy\4085794721_7cd88e0a6c_m.jpg,"a drop of water on a branch with a flower in the background, a type of daisy"
daisy\4117918318_3c8935289b_m.jpg,"a white flower with a yellow center, a type of daisy"
daisy\4131565290_0585c4dd5a_n.jpg,"a close up of a flower with water droplets, a type of daisy"
daisy\4141147800_813f660b47.jpg,"white flowers in the fore, a type of daisy"
daisy\4144275653_7c02d47d9b.jpg,"a flower with a tiny white flower head, a type of daisy"
daisy\4222584034_8964cbd3de.jpg,"a bunch of white flowers, a type of daisy"
daisy\4229503616_9b8a42123c_n.jpg,"a couple of white flowers, a type of daisy"
daisy\4258408909_b7cc92741c_m.jpg,"a black and white photo of a flower, a type of daisy"
daisy\4268817944_cdbdb226ae.jpg,"a bee on a flower, a type of daisy"
daisy\4276898893_609d11db8b.jpg,"a white flower with water droplets on it, a type of daisy"
daisy\4278442064_a5a598524b_m.jpg,"a flower in the fore of a picture, a type of daisy"
daisy\4281102584_c548a69b81_m.jpg,"a white flower with yellow center, a type of daisy"
daisy\4286053334_a75541f20b_m.jpg,"a close up of a flower with water droplets, a type of daisy"
daisy\4301689054_20519e5b68.jpg,"a close up of a plant with water droplets, a type of daisy"
daisy\4318007511_e9f4311936_n.jpg,"a table with a white table cloth, a type of daisy"
daisy\4333085242_bbeb3e2841_m.jpg,"a small white flower in the grass, a type of daisy"
daisy\4407065098_ef25f1ccac_n.jpg,"a small flower with water droplets on it, a type of daisy"
daisy\4413849849_b8d2f3bcf1_n.jpg,"a flower with water droplets on it, a type of daisy"
daisy\4432271543_01c56ca3a9.jpg,"a flower with a brown center, a type of daisy"
daisy\4434592930_6610d51fca_m.jpg,"a white flower, a type of daisy"
daisy\4440480869_632ce6aff3_n.jpg,"a small white flower sitting on a wooden bench, a type of daisy"
daisy\4482623536_b9fb5ae41f_n.jpg,"a close up of a flower with a blue sky in the background, a type of daisy"
daisy\4496202781_1d8e776ff5_n.jpg,"a white flower with yellow center, a type of daisy"
daisy\4511693548_20f9bd2b9c_m.jpg,"a bee on a flower, a type of daisy"
daisy\4534460263_8e9611db3c_n.jpg,"a field of flowers, a type of daisy"
daisy\4538877108_3c793f7987_m.jpg,"a field of flowers, a type of daisy"
daisy\4540555191_3254dc4608_n.jpg,"a clock with a clock face on it, a type of daisy"
daisy\4544110929_a7de65d65f_n.jpg,"a fly on a flower, a type of daisy"
daisy\4561871220_47f420ca59_m.jpg,"black and white photograph of two flowers, a type of daisy"
daisy\4563059851_45a9d21a75.jpg,"a field of flowers, a type of daisy"
daisy\4565255237_9ba29c4d4e_n.jpg,"a flower with a rainbow in the background, a type of daisy"
daisy\4581199679_867652c3f1_n.jpg,"a flower with a blur of light in the background, a type of daisy"
daisy\4598422221_b37313a3e3_n.jpg,"a bunch of white flowers sitting on top of a green field, a type of daisy"
daisy\4610018126_21f438d2dc_m.jpg,"a bee on a flower, a type of daisy"
daisy\4613992315_143ccc2a10_m.jpg,"a bunch of white flowers, a type of daisy"
daisy\4646886118_b5c5ceaf6d_n.jpg,"a vase filled with yellow flowers on a table, a type of daisy"
daisy\4654579740_6671a53627_m.jpg,"a field of dai dai dai dai dai dai dai dai dai dai dai dai dai dai dai dai dai dai, a type of daisy"
daisy\4657354814_f368762c53_m.jpg,"a white flower with yellow center, a type of daisy"
daisy\4666648087_b10f376f19.jpg,"a bunch of flowers, a type of daisy"
daisy\4668543441_79040ca329_n.jpg,"a bunch of daies, a type of daisy"
daisy\4669117051_ce61e91b76.jpg,"a field of grass, a type of daisy"
daisy\4683997791_56e7d3c03c_n.jpg,"a field of daies with a blue sky in the background, a type of daisy"
daisy\4694730335_2553e77aa5_z.jpg,"a bunch of white flowers with yellow centers, a type of daisy"
daisy\4694734757_5c563d38dd_n.jpg,"a field of daies, a type of daisy"
daisy\4697206799_19dd2a3193_m.jpg,"a person holding a flower in their hand, a type of daisy"
daisy\4724713781_d169f98a35.jpg,"a white flower with a yellow center, a type of daisy"
daisy\4727955343_0bb23ac4ae.jpg,"a bee on a flower, a type of daisy"
daisy\4746633946_23933c0810.jpg,"a black and white photo of a flower, a type of daisy"
daisy\4753134939_8e87649db6.jpg,"white daie dai dai dai dai dai dai dai dai dai dai dai dai dai dai dai dai dai dai, a type of daisy"
daisy\4757448834_a29a9538c9_n.jpg,"a field of flowers, a type of daisy"
daisy\4792826628_aa5e5a9804_n.jpg,"a field of flowers, a type of daisy"
daisy\4814515275_6e25a6c18f.jpg,"a bunch of white flowers with yellow centers, a type of daisy"
daisy\4820415253_15bc3b6833_n.jpg,"a black and white photo of a flower, a type of daisy"
daisy\4837182901_69a6cc782b_n.jpg,"a couple of white flowers in a field, a type of daisy"
daisy\4851353993_2cbbbd1040_n.jpg,"a white flower, a type of daisy"
daisy\4858518329_7563eb0baa_m.jpg,"a patch of dirt, a type of daisy"
daisy\4861391074_c3e122dab0_m.jpg,"a vase of flowers on a wooden table, a type of daisy"
daisy\4865691548_00319261b8.jpg,"a bunch of white flowers in a green bush, a type of daisy"
daisy\4890424315_6a59696357_n.jpg,"a butterfly on a flower, a type of daisy"
daisy\4897587985_f9293ea1ed.jpg,"a flower in the sky, a type of daisy"
daisy\4923279674_e7f8e70794_n.jpg,"a flower with a white center, a type of daisy"
daisy\4993492878_11fd4f5d12.jpg,"a bunch of white flowers, a type of daisy"
daisy\5014137563_d03eb0ed75_n.jpg,"a group of white flowers, a type of daisy"
daisy\5054771689_00dd40b971_n.jpg,"a white flower with a green stem, a type of daisy"
daisy\5058708968_8bdcd29e63_n.jpg,"a small white flower, a type of daisy"
daisy\5087720485_c0914fb623.jpg,"a person holding a flower, a type of daisy"
daisy\5109508979_68e3530791_m.jpg,"a white flower with yellow center, a type of daisy"
daisy\5110105726_53eb7a93be_m.jpg,"a white flower with a yellow center, a type of daisy"
daisy\5110107234_12ddc0206b_m.jpg,"a white flower on a blue background, a type of daisy"
daisy\5110109540_beed4ed162_m.jpg,"a white flower with water droplets on it, a type of daisy"
daisy\5110110938_9da91455c4_m.jpg,"a single flower on a stem, a type of daisy"
daisy\5133243796_44de429de5_m.jpg,"a bunch of white flowers, a type of daisy"
daisy\5135131051_102d4878ca_n.jpg,"a field of flowers with a quote that says, ' i ' m ' m ', a type of daisy"
daisy\5434742166_35773eba57_m.jpg,"a field of white flowers, a type of daisy"
daisy\5434901893_4550be3f84_m.jpg,"a red box with a heart and flowers, a type of daisy"
daisy\5434913005_409c1e8b56_n.jpg,"a vase of flowers on a table with a crown, a type of daisy"
daisy\5434914569_e9b982fde0_n.jpg,"a vase of flowers sitting on a table, a type of daisy"
daisy\5435513198_90ce39f1aa_n.jpg,"a red box with a heart on it, a type of daisy"
daisy\5435521200_92029bbe2b_n.jpg,"a red box with flowers in it, a type of daisy"
daisy\5435522104_1d6a61b431_n.jpg,"a red box with white flowers in it, a type of daisy"
daisy\5459481183_18d2d49e44_m.jpg,"a flower in a vase, a type of daisy"
daisy\5512287917_9f5d3f0f98_n.jpg,"a single white flower, a type of daisy"
daisy\5561775629_a2b709b3a4_n.jpg,"a pink flower with a green background, a type of daisy"
daisy\5574421625_61b1f49b3f_m.jpg,"a white flower in the grass, a type of daisy"
daisy\5577555349_2e8490259b.jpg,"a bee on a flower, a type of daisy"
daisy\5586977262_6b24412805_n.jpg,"a field of flowers, a type of daisy"
daisy\5602738326_97121e007d_n.jpg,"a couple of flowers sitting in the grass, a type of daisy"
daisy\5608389827_a42a46f760.jpg,"a close up of a flower with yellow centers, a type of daisy"
daisy\5623010186_796ca8d29a.jpg,"a white flower, a type of daisy"
daisy\5626784099_b36dd3fb11_n.jpg,"a white flower in the grass, a type of daisy"
daisy\5626895440_97a0ec04c2_n.jpg,"a white flower with yellow center, a type of daisy"
daisy\5632774792_0fa33d17eb_n.jpg,"a single flower in the grass, a type of daisy"
daisy\5665834973_76bd6c6523_m.jpg,"a field of dai dai dai dai dai dai dai dai dai dai dai dai dai dai dai dai dai dai, a type of daisy"
daisy\5665838969_fe217988b9_m.jpg,"a field of dai dai dai dai dai dai dai dai dai dai dai dai dai dai dai dai dai dai, a type of daisy"
daisy\5679288570_b4c52e76d5.jpg,"a small white flower, a type of daisy"
daisy\5684911529_88a7ae32ba_n.jpg,"a group of daies, a type of daisy"
daisy\5693459303_e61d9a9533.jpg,"a yellow umbrella, a type of daisy"
daisy\5700781400_65761f3fce.jpg,"a single flower is growing on a rock, a type of daisy"
daisy\5714327423_50af0cffe9.jpg,"a bunch of white and yellow flowers, a type of daisy"
daisy\5722473541_ffac1ae67e_n.jpg,"a close up of a flower with water droplets, a type of daisy"
daisy\5739768868_9f982684f9_n.jpg,"white daies in the grass by julia rad for stocks & gems, a type of daisy"
daisy\5765646947_82e95a9cc9_n.jpg,"a white flower with a green insect on it, a type of daisy"
daisy\5769217520_c90efc3c93_m.jpg,"a cake with white and yellow flowers on it, a type of daisy"
daisy\5773652803_574b51414f_n.jpg,"a field of white and yellow daies, a type of daisy"
daisy\5795159787_ebb51a5e75.jpg,"a bunch of white flowers, a type of daisy"
daisy\5796562389_ae43c83317_m.jpg,"a single white flower, a type of daisy"
daisy\5809489674_5659b3ae5d_n.jpg,"a bunch of white flowers with yellow centers, a type of daisy"
daisy\5811226952_4650ed70ae_n.jpg,"a bee on a flower, a type of daisy"
daisy\5853276960_d08f90fff6.jpg,"white flowers with yellow centers, a type of daisy"
daisy\5869147563_66fb88119d.jpg,"a field of white flowers, a type of daisy"
daisy\5874818796_3efbb8769d.jpg,"a field of flowers, a type of daisy"
daisy\5876455546_32049e5585.jpg,"two white flowers in the grass, a type of daisy"
daisy\5881907044_92a85a05c8_n.jpg,"a white flower, a type of daisy"
daisy\5883162120_dc7274af76_n.jpg,"a white flower with a yellow center, a type of daisy"
daisy\5884807222_22f5326ba8_m.jpg,"a bunch of daies, a type of daisy"
daisy\5885826924_38fdc6bcaa_n.jpg,"a bee on a flower, a type of daisy"
daisy\5944315415_2be8abeb2f_m.jpg,"a blur of a field, a type of daisy"
daisy\5948835387_5a98d39eff_m.jpg,"a white flower with yellow center, a type of daisy"
daisy\5973488341_50bdf6cee3_n.jpg,"a white flower with a yellow center, a type of daisy"
daisy\5973491805_556bba93cc.jpg,"white flowers in the sun, a type of daisy"
daisy\5981645737_29eceac291_m.jpg,"a white flower with yellow center, a type of daisy"
daisy\5997702776_c7bc37aa6b_n.jpg,"a couple ' s wedding ring sits on a daisy, a type of daisy"
daisy\6054952060_c88612f3c5_n.jpg,"a bee on a flower, a type of daisy"
daisy\6089825811_80f253fbe1.jpg,"a single flower in the middle of a field, a type of daisy"
daisy\6095817094_3a5b1d793d.jpg,"a white flower, a type of daisy"
daisy\6136947177_47ff445eb4_n.jpg,"a field of dai dai dai dai dai dai dai dai dai dai dai dai dai dai dai dai dai dai, a type of daisy"
daisy\6148728633_27afc47b0c_m.jpg,"a vase with flowers in it, a type of daisy"
daisy\6207492986_0ff91f3296.jpg,"a white flower with a green center, a type of daisy"
daisy\6208851904_9d916ebb32_n.jpg,"a white flower with yellow centers in a garden, a type of daisy"
daisy\6210664514_f1d211217a.jpg,"a bunch of white flowers, a type of daisy"
daisy\6299498346_b9774b6500.jpg,"a person holding a small flower in their hand, a type of daisy"
daisy\6299910262_336309ffa5_n.jpg,"a bee on a flower, a type of daisy"
daisy\6323721068_3d3394af6d_n.jpg,"a flower with a quote on it, a type of daisy"
daisy\6480809573_76a0074b69_n.jpg,"a bee on a flower, a type of daisy"
daisy\6480809771_b1e14c5cc2_m.jpg,"two white flowers, a type of daisy"
daisy\6529588249_d9cbe68aab_n.jpg,"a bunch of white flowers, a type of daisy"
daisy\6596277835_9f86da54bb.jpg,"a white flower, a type of daisy"
daisy\6776075110_1ea7a09dd4_n.jpg,"a field of white daies, a type of daisy"
daisy\6864242336_0d12713fe5_n.jpg,"a white flower in front of a house, a type of daisy"
daisy\6884975451_c74f445d69_m.jpg,"a lady bug on a flower, a type of daisy"
daisy\6910811638_aa6f17df23.jpg,"a bunch of flowers in the grass, a type of daisy"
daisy\6950173662_5e9473003e_n.jpg,"a white flower with yellow center, a type of daisy"
daisy\6978826370_7b9aa7c7d5.jpg,"a flower with a yellow center, a type of daisy"
daisy\7066602021_2647457985_m.jpg,"a painting of white flowers on a red background, a type of daisy"
daisy\7133935763_82b17c8e1b_n.jpg,"three white flowers, a type of daisy"
daisy\7189043225_2fe781439a_n.jpg,"a bunch of flowers, a type of daisy"
daisy\7191221492_610035de7c_m.jpg,"a white flower, a type of daisy"
daisy\7199968650_72afc16d31_m.jpg,"a field of white and yellow flowers, a type of daisy"
daisy\7227973870_806d9d3e42_n.jpg,"a bunch of flowers, a type of daisy"
daisy\7288989324_c25d9febbf.jpg,"a white flower, a type of daisy"
daisy\7320089276_87b544e341.jpg,"a field of daies, a type of daisy"
daisy\7335886184_d06a83f640.jpg,"a field of wildflowers and other flowers, a type of daisy"
daisy\7358085448_b317d11cd5.jpg,"a field of dai dai dai dai dai dai dai dai dai dai dai dai dai dai dai dai dai dai, a type of daisy"
daisy\7377004908_5bc0cde347_n.jpg,"a bee on a flower, a type of daisy"
daisy\7410356270_9dff4d0e2e_n.jpg,"a single flower in a vase, a type of daisy"
daisy\7416083788_fcb4c4f27e_n.jpg,"a butterfly flying over a field of flowers, a type of daisy"
daisy\7454630692_ab2d67dd18_m.jpg,"a field of daies, a type of daisy"
daisy\7538403124_f2fc48750a.jpg,"a white flower, a type of daisy"
daisy\7568630428_8cf0fc16ff_n.jpg,"a close up of a flower with a black background, a type of daisy"
daisy\7629784968_b953501902_n.jpg,"a white flower with a green bug on it, a type of daisy"
daisy\7630511450_02d3292e90.jpg,"a white flower, a type of daisy"
daisy\7630517248_98fb8bee1f_n.jpg,"a bunch of white flowers with yellow centers, a type of daisy"
daisy\7630520686_e3a61ac763.jpg,"a close up of a flower with water droplets, a type of daisy"
daisy\7633425046_8293e3d0e9_m.jpg,"a field of white flowers, a type of daisy"
daisy\7669550908_bc5a11276f_n.jpg,"a small white flower, a type of daisy"
daisy\7702332000_3f21ef4571_n.jpg,"a bunch of white flowers, a type of daisy"
daisy\7749368884_1fc58c67ff_n.jpg,"a white flower with a yellow center, a type of daisy"
daisy\7790614422_4557928ab9_n.jpg,"a white flower with yellow center, a type of daisy"
daisy\7924174040_444d5bbb8a.jpg,"a field of daies, a type of daisy"
daisy\8008258043_5457dd254b_n.jpg,"a field of flowers, a type of daisy"
daisy\8021540573_c56cf9070d_n.jpg,"a bunch of dai dai dai dai dai dai dai dai dai dai dai dai dai dai dai dai dai dai, a type of daisy"
daisy\8063844363_db3f4dea85.jpg,"a white flower, a type of daisy"
daisy\8071646795_2fdc89ab7a_n.jpg,"a white flower with a yellow center, a type of daisy"
daisy\8085329197_41d53a21e2_n.jpg,"a white flower with a yellow center, a type of daisy"
daisy\8094774544_35465c1c64.jpg,"a bunch of flowers, a type of daisy"
daisy\8120563761_ed5620664f_m.jpg,"a bunch of white flowers, a type of daisy"
daisy\8127252886_96558c23d1.jpg,"frosty grass with flowers, a type of daisy"
daisy\8348621545_8f02b82662_n.jpg,"a single white flower in a green field, a type of daisy"
daisy\8382667241_0f046cecdb_n.jpg,"a white flower with yellow center, a type of daisy"
daisy\8383753520_8391dd80ee_m.jpg,"a white flower with yellow center, a type of daisy"
daisy\8446495985_f72d851482.jpg,"a couple of flowers in the grass, a type of daisy"
daisy\8489463746_a9839bf7e4.jpg,"a vase of flowers, a type of daisy"
daisy\8616684075_71923bb771_n.jpg,"a bunch of yellow flowers, a type of daisy"
daisy\8619103877_d8c82c5f34_n.jpg,"a ladybug on a flower, a type of daisy"
daisy\8645839873_0151fb92bf_n.jpg,"a white flower with a black center, a type of daisy"
daisy\8671824531_64b816949e_m.jpg,"a flower in the fore, a type of daisy"
daisy\8681746439_d6beeefbf9.jpg,"a close up of a white flower, a type of daisy"
daisy\8694909523_3ca25d449d_n.jpg,"a field of flowers, a type of daisy"
daisy\8696022686_1f8d62c5cb_m.jpg,"a field of flowers, a type of daisy"
daisy\8706810197_17b6c1f1e7.jpg,"a white flower with yellow center, a type of daisy"
daisy\8708143485_38d084ac8c_n.jpg,"a bunch of pink flowers in a field, a type of daisy"
daisy\8709110478_60d12efcd4_n.jpg,"a white flower with yellow center, a type of daisy"
daisy\8709535323_a6bea3e43f.jpg,"a bunch of daies, a type of daisy"
daisy\8710109684_e2c5ef6aeb_n.jpg,"a single flower floating in the water, a type of daisy"
daisy\8718637649_87a0d85190_n.jpg,"a white flower with yellow center, a type of daisy"
daisy\8719756744_34a5a83976_n.jpg,"a bunch of white flowers, a type of daisy"
daisy\8740807508_0587f5b7b7.jpg,"a lady bug on a flower, a type of daisy"
daisy\8742143296_fed9fa007c.jpg,"a black and white flower, a type of daisy"
daisy\8759177308_951790e00d_m.jpg,"a white flower with purple center, a type of daisy"
daisy\8882282142_9be2524d38_m.jpg,"a field of daies, a type of daisy"
daisy\8887005939_b19e8305ee.jpg,"a bunch of flowers with a blur effect, a type of daisy"
daisy\8932490012_cc08e690ba_n.jpg,"a bunch of yellow flowers, a type of daisy"
daisy\8938566373_d129e7af75.jpg,"white flowers floating in water, a type of daisy"
daisy\8964198962_6d8593b533.jpg,"a field of white flowers, a type of daisy"
daisy\8983779970_9d3a6a3bf2_n.jpg,"a bunch of white flowers, a type of daisy"
daisy\9054268881_19792c5203_n.jpg,"a blur of a flower, a type of daisy"
daisy\9094631844_1a6abca29e.jpg,"white and yellow flowers, a type of daisy"
daisy\9120905231_329598304e.jpg,"a field of white and yellow flowers, a type of daisy"
daisy\9146733107_98b15d3892_m.jpg,"a picture of a field of flowers, a type of daisy"
daisy\9158041313_7a6a102f7a_n.jpg,"a girl in a field of daies, a type of daisy"
daisy\9161647994_e39b65cb9c_n.jpg,"a white flower with a yellow center, a type of daisy"
daisy\9175280426_40ecc395b8_m.jpg,"a field of dai dai dai dai dai dai dai dai dai dai dai dai dai dai dai dai dai dai, a type of daisy"
daisy\9180706736_092d43088c.jpg,"a white flower with yellow center, a type of daisy"
daisy\9204730092_a7f2182347.jpg,"a bunch of white flowers, a type of daisy"
daisy\9242705328_eee8402a8d.jpg,"a white flower with a yellow center, a type of daisy"
daisy\9244082319_b1f7e2d8b0_n.jpg,"a single daisy in the grass, a type of daisy"
daisy\9286947622_4822f4fc21.jpg,"a white flower, a type of daisy"
daisy\9299302012_958c70564c_n.jpg,"a single daisy in black and white, a type of daisy"
daisy\9310226774_d1b8f5d9c9.jpg,"a butterfly on a flower, a type of daisy"
daisy\9321854387_5f77c926cb_n.jpg,"a field of flowers with white dai dai dai dai dai dai dai dai dai dai dai dai dai dai dai, a type of daisy"
daisy\9345273630_af3550031d.jpg,"a black and white photo of a flower, a type of daisy"
daisy\9346508462_f0af3163f4.jpg,"a butterfly sitting on a flower in a field, a type of daisy"
daisy\9350942387_5b1d043c26_n.jpg,"white dais by david stins for stockstation, a type of daisy"
daisy\9467543719_c4800becbb_m.jpg,"a small white flower, a type of daisy"
daisy\9489270024_1b05f08492_m.jpg,"a white flower with yellow center, a type of daisy"
daisy\9496209717_25a6ebdab6_m.jpg,"a white flower with a yellow center, a type of daisy"
daisy\9515186037_3be48fe68f.jpg,"a white flower in the middle of a field, a type of daisy"
daisy\9529916092_de70623523_n.jpg,"a bunch of flowers, a type of daisy"
daisy\9593034725_0062f0d24e_n.jpg,"a bunch of white daies in a field, a type of daisy"
daisy\9595857626_979c45e5bf_n.jpg,"a single daisy flower in the middle of a field, a type of daisy"
daisy\9611923744_013b29e4da_n.jpg,"a white flower, a type of daisy"
daisy\9922116524_ab4a2533fe_n.jpg,"a field of dai dai dai dai dai dai dai dai dai dai dai dai dai dai dai dai dai dai, a type of daisy"
dandelion\10043234166_e6dd915111_n.jpg,"a dany dany plant with a single dany dany, a type of dandelion"
dandelion\10200780773_c6051a7d71_n.jpg,"a small white flower with a green background, a type of dandelion"
dandelion\10294487385_92a0676c7d_m.jpg,"a dan flower in a field, a type of dandelion"
dandelion\10437652486_aa86c14985.jpg,"a close up of a dandela plant, a type of dandelion"
dandelion\10477378514_9ffbcec4cf_m.jpg,"a butterfly on a flower, a type of dandelion"
dandelion\10486992895_20b344ce2d_n.jpg,"a dandely dandely dandely dandely dandely dandely dandel, a type of dandelion"
dandelion\10617162044_8740d4dd9f_n.jpg,"a yellow flower in a green field, a type of dandelion"
dandelion\10617191174_9a01753241_n.jpg,"a yellow flower in the middle of a green field, a type of dandelion"
dandelion\10777398353_5a20bb218c.jpg,"a dany flower in the middle of a field, a type of dandelion"
dandelion\10778387133_9141024b10.jpg,"a close up of a bunch of dandels, a type of dandelion"
dandelion\10779476016_9130714dc0.jpg,"a dany plant with a small flower on it, a type of dandelion"
dandelion\10828951106_c3cd47983f.jpg,"a black and white photo of a dandel, a type of dandelion"
dandelion\10946896405_81d2d50941_m.jpg,"a white flower, a type of dandelion"
dandelion\11124381625_24b17662bd_n.jpg,"a dany plant with a bunch of dany flowers, a type of dandelion"
dandelion\11296320473_1d9261ddcb.jpg,"a bunch of yellow flowers, a type of dandelion"
dandelion\11465213433_847c4fa261.jpg,"a dany plant, a type of dandelion"
dandelion\11595255065_d9550012fc.jpg,"a dany plant with a small seed, a type of dandelion"
dandelion\11768468623_9399b5111b_n.jpg,"a yellow flower sitting on the ground, a type of dandelion"
dandelion\11775820493_10fedf4bff_n.jpg,"a dany dany dany dany dany dany dany dany dany dany dany dany dany dan, a type of dandelion"
dandelion\12094442595_297494dba4_m.jpg,"a small bird sitting on top of a tall plant, a type of dandelion"
dandelion\12998979765_3de89e7195_n.jpg,"dany dany dany dany dany dany dany dany dany dany dan, a type of dandelion"
dandelion\13331969914_890082d898_n.jpg,"a yellow flower in the grass, a type of dandelion"
dandelion\13386618495_3df1f1330d.jpg,"a bee on a flower, a type of dandelion"
dandelion\13471273823_4800ca8eec.jpg,"a flower growing out of a crack in a concrete wall, a type of dandelion"
dandelion\13560152823_9da5e48c87_m.jpg,"a bee on a yellow flower, a type of dandelion"
dandelion\13651218133_b6eb8e7ed2_m.jpg,"a flower in the ground, a type of dandelion"
dandelion\13652698934_d258a6ee8c.jpg,"a dany dany plant with a blur of green grass, a type of dandelion"
dandelion\13675534854_03caf51644_m.jpg,"a dany plant with a white flower, a type of dandelion"
dandelion\13734221225_0e04edc6b6.jpg,"dandel dandel dandel dandel dandel dandel dandel dandel dandel dandel dan, a type of dandelion"
dandelion\13807932364_673b7f1c1c_n.jpg,"a small toy in the grass, a type of dandelion"
dandelion\13881700933_69a750d418_n.jpg,"a yellow flower in the grass near a fence, a type of dandelion"
dandelion\13887031789_97437f246b.jpg,"a small flower with a long stem, a type of dandelion"
dandelion\13887066460_64156a9021.jpg,"a pink flower with yellow flowers, a type of dandelion"
dandelion\13897156242_dca5d93075_m.jpg,"a plant with green leaves growing in a garden, a type of dandelion"
dandelion\13900486390_5a25785645_n.jpg,"a small flower with a green background, a type of dandelion"
dandelion\13910677675_4900fa3dbf_n.jpg,"a black and white photo of a dandel, a type of dandelion"
dandelion\13916196427_50a611008f.jpg,"a dandely dandely dandely dandely dandely dandely dandel, a type of dandelion"
dandelion\13942846777_5571a6b0a1_n.jpg,"a bee on a danyline flower, a type of dandelion"
dandelion\13946048982_4e6ec56987.jpg,"dandel dandel dandel dandel dandel dandel dandel dandel dandel dandel dandel dandel dandel dandel, a type of dandelion"
dandelion\13967344688_aa629dcdee_n.jpg,"a yellow flower, a type of dandelion"
dandelion\13968424321_1d89b33a9f_n.jpg,"a butterfly on a yellow flower, a type of dandelion"
dandelion\14002252932_64d5cbdac7.jpg,"a close up of a dandela flower, a type of dandelion"
dandelion\14003401241_543535b385.jpg,"a dany dany dany dany dany dany dany dany dany dany dany dany dany dan, a type of dandelion"
dandelion\14012247974_69ac128799.jpg,"a dany plant, a type of dandelion"
dandelion\14019781123_ea0f8722d4_n.jpg,"dandels in a field with the sun shining through the trees, a type of dandelion"
dandelion\14021281124_89cc388eac_n.jpg,"a dany plant in the middle of a field, a type of dandelion"
dandelion\14048849371_ec9dbafaeb_m.jpg,"a dandela dandela dandela dandela dandela dandela dandel, a type of dandelion"
dandelion\14053173516_a00150a919_m.jpg,"a yellow flower, a type of dandelion"
dandelion\14053397367_75cba846eb_n.jpg,"a dany flower in the middle of a field, a type of dandelion"
dandelion\14058811536_f29cd7bd58_n.jpg,"yellow flowers in the grass, a type of dandelion"
dandelion\14060367700_fe87e99b6a_m.jpg,"a field of yellow flowers, a type of dandelion"
dandelion\14065420729_9b388bf7cb_m.jpg,"a dandely plant with a bunch of dandely, a type of dandelion"
dandelion\14070457521_8eb41f65fa.jpg,"a close up of a yellow flower, a type of dandelion"
dandelion\14070463051_86ab57ab36.jpg,"a yellow flower with green leaves in the background, a type of dandelion"
dandelion\14076873230_d0bd53b220.jpg,"a dany dany dany dany dany dany dany dany dany dany dany dany dany dan, a type of dandelion"
dandelion\14084345111_8a4cb05a31.jpg,"a black and white photo of a flower, a type of dandelion"
dandelion\14085038920_2ee4ce8a8d.jpg,"a dany plant with white flowers, a type of dandelion"
dandelion\14093744313_b66bc95072.jpg,"a white flower, a type of dandelion"
dandelion\14093789753_f0f1acdb57.jpg,"a close up of a green plant with water droplets, a type of dandelion"
dandelion\14126515096_1134fae695.jpg,"a lady bug on a yellow flower, a type of dandelion"
dandelion\14128835667_b6a916222c.jpg,"a dandely dandely dandely dandely dandely dandely dandely dandely dandely dandel, a type of dandelion"
dandelion\14128839257_23def53028.jpg,"a sunset behind a dandel, a type of dandelion"
dandelion\14164392167_650946a169_n.jpg,"a dany plant with a single dany flower, a type of dandelion"
dandelion\14171812905_8b81d50eb9_n.jpg,"a dandel dandel dandel dandel dandel dandel dandel dandel dandel dandel, a type of dandelion"
dandelion\14185089716_2a48298d17.jpg,"a dany plant in the grass, a type of dandelion"
dandelion\14199664556_188b37e51e.jpg,"a dant in the fore, a type of dandelion"
dandelion\14200639491_2a4611916d_n.jpg,"a bunch of yellow dansies in a garden, a type of dandelion"
dandelion\14202166370_e989588332.jpg,"a dant dant with a white background, a type of dandelion"
dandelion\14211880544_5d1f9d5aa8_n.jpg,"a dany plant with a single dany flower, a type of dandelion"
dandelion\14278605962_d3cce5522f.jpg,"a close up of a dandel, a type of dandelion"
dandelion\14292205986_da230467ef.jpg,"a dany dany plant, a type of dandelion"
dandelion\14306875733_61d71c64c0_n.jpg,"a field of flowers, a type of dandelion"
dandelion\14313509432_6f2343d6c8_m.jpg,"a dany dany plant with the sun setting in the background, a type of dandelion"
dandelion\14335561523_f847f2f4f1.jpg,"a dany plant in the fore, a type of dandelion"
dandelion\14362539701_cf19e588ca.jpg,"a field of green grass, a type of dandelion"
dandelion\14368895004_c486a29c1e_n.jpg,"a bunch of yellow flowers, a type of dandelion"
dandelion\14373114081_7922bcf765_n.jpg,"a small yellow flower growing on a moss covered log, a type of dandelion"
dandelion\14375349004_68d893254a_n.jpg,"a dandely dandely dandely dandely dandely dandely dandely dandely dandely dandel, a type of dandelion"
dandelion\14376454225_a1de336c5b.jpg,"a tree trunk, a type of dandelion"
dandelion\14396023703_11c5dd35a9.jpg,"a dany plant with the sun setting in the background, a type of dandelion"
dandelion\14404468648_37903d7025_m.jpg,"a yellow flower, a type of dandelion"
dandelion\14439618952_470224b89b_n.jpg,"a little girl holding a flower in her hand, a type of dandelion"
dandelion\14455605089_8bbfb41cd7_n.jpg,"a dandely dandely dandely dandely dandely dandely dandel, a type of dandelion"
dandelion\14457225751_645a3784fd_n.jpg,"a single yellow flower in the grass, a type of dandelion"
dandelion\14469481104_d0e29f7ffd.jpg,"a field of dansies with the sun shining in the background, a type of dandelion"
dandelion\14554897292_b3e30e52f2.jpg,"a dany dany plant with a blur of the background, a type of dandelion"
dandelion\14576445793_582aa6446b_m.jpg,"a dany plant with a bug on it, a type of dandelion"
dandelion\14614655810_9910e6dbd6_n.jpg,"a flower in the middle of a field, a type of dandelion"
dandelion\14648777167_1d92d403c9_n.jpg,"a field of yellow flowers, a type of dandelion"
dandelion\14728922673_99086a3818_n.jpg,"a butterfly on a yellow flower, a type of dandelion"
dandelion\14740350060_a489d9fa06.jpg,"a dany plant with a blur of the sun, a type of dandelion"
dandelion\14761980161_2d6dbaa4bb_m.jpg,"a dany dany plant with a bee on it, a type of dandelion"
dandelion\14805304536_c321a7b061_n.jpg,"dandels by the door by david stott, a type of dandelion"
dandelion\14845607659_1be18c5d7f.jpg,"a black and white photo of a dandel, a type of dandelion"
dandelion\14884028290_a1344eb446.jpg,"a black and white photo of a field, a type of dandelion"
dandelion\14886860069_b84665a073.jpg,"a dandely dandely dandely dandely dandely dandely dandel, a type of dandelion"
dandelion\14886963928_d4856f1eb6_n.jpg,"a dany plant with a flower in it, a type of dandelion"
dandelion\14914603395_b271ffab56_n.jpg,"a dandela flower with the words, ' the seeds of the world ', a type of dandelion"
dandelion\15002906952_cab2cb29cf.jpg,"a close up of a flower with a blury background, a type of dandelion"
dandelion\15005530987_e13b328047_n.jpg,"a yellow flower in a vase, a type of dandelion"
dandelion\15123503538_8ee984abc6.jpg,"a dandel dandel dandel dandel dandel dandel dandel dandel dandel dandel, a type of dandelion"
dandelion\15139657325_74031c44fc.jpg,"a dandel dandel dandel dandel dandel dandel dandel dandel dandel dandel, a type of dandelion"
dandelion\15219268336_f2460fca88_m.jpg,"a green leaf, a type of dandelion"
dandelion\15268682367_5a4512b29f_m.jpg,"a drawing of a dandela plant, a type of dandelion"
dandelion\15297244181_011883a631_m.jpg,"a dant with two white flowers on it, a type of dandelion"
dandelion\15358221063_2c6e548e84.jpg,"a dany dany dany dany dany dany dany dany dany dany dany dany dany dan, a type of dandelion"
dandelion\15378782362_4161b23af7_m.jpg,"a dany dany dany dany dany dany dany dany dany dany dany dany dany dan, a type of dandelion"
dandelion\15381511376_fd743b7330_n.jpg,"a dany plant with a single dany flower, a type of dandelion"
dandelion\15547944931_c1e095b185.jpg,"a dandel dandel dandel dandel dandel dandel dandel dandel dandel dandel, a type of dandelion"
dandelion\15549402199_2890918ddb.jpg,"a dany dany plant with white flowers, a type of dandelion"
dandelion\15644450971_6a28298454_n.jpg,"a yellow flower in a field of green grass, a type of dandelion"
dandelion\15782158700_3b9bf7d33e_m.jpg,"a dandely dandely dandely dandely dandely dandely dandely dandely dandely, a type of dandelion"
dandelion\15819121091_26a5243340_n.jpg,"a dany flower in the middle of a field, a type of dandelion"
dandelion\15821571649_06c4b9a868_n.jpg,"a yellow flower in the middle of a field, a type of dandelion"
dandelion\16096748028_7876887ab2.jpg,"a dany flower with a black background, a type of dandelion"
dandelion\16237158409_01913cf918_n.jpg,"a small yellow flower in the grass, a type of dandelion"
dandelion\16241101274_334b54731e.jpg,"a dany dany plant, a type of dandelion"
dandelion\16242239484_51286673af.jpg,"a close up of a dandel with a green background, a type of dandelion"
dandelion\16375088191_2bf2916b53.jpg,"a dandely dandely dandely dandely dandely dandely dandely dandely dandely, a type of dandelion"
dandelion\16462263826_2555edeb74_n.jpg,"a dany dany dany dany dany dany dany dany dany dany dany dany dany dan, a type of dandelion"
dandelion\16495282564_d8c34d6a2e_m.jpg,"a small white flower, a type of dandelion"
dandelion\16510864164_3afa8ac37f.jpg,"a close up of a flower in a field, a type of dandelion"
dandelion\16650892835_9228a3ef67_m.jpg,"a dany dany plant with a blury background, a type of dandelion"
dandelion\16656127943_2f70926b6c.jpg,"photograph - dandel by david ler, a type of dandelion"
dandelion\16691236594_4287cea9d6_n.jpg,"a dandely flower in black and white, a type of dandelion"
dandelion\16699732794_5bfd639cf8_n.jpg,"dandel dandel dandel dandel dandel dandel dandel dandel dandel dandel dan, a type of dandelion"
dandelion\16713229021_bea2533981_n.jpg,"a dany plant with a dany dany in the middle, a type of dandelion"
dandelion\16716172029_2166d8717f_m.jpg,"a black and white photo of a dandel, a type of dandelion"
dandelion\16744522344_8d21b1530d_n.jpg,"a bee on a yellow flower, a type of dandelion"
dandelion\16766166609_ccb8344c9f_m.jpg,"a field of grass, a type of dandelion"
dandelion\16817037661_2980d823e1_n.jpg,"a dant with a quote on it, a type of dandelion"
dandelion\16837594326_1056d875a4_m.jpg,"a dany dany plant with a yellow flower, a type of dandelion"
dandelion\16863587471_cc3a6ffb29_m.jpg,"a dany plant with white flowers, a type of dandelion"
dandelion\16949657389_ac0ee80fd1_m.jpg,"a yellow flower in a field of blue flowers, a type of dandelion"
dandelion\16953818045_fea21c8bf8.jpg,"a dany plant with a dany flower, a type of dandelion"
dandelion\16970837587_4a9d8500d7.jpg,"a bunch of yellow flowers in a white vase, a type of dandelion"
dandelion\17020815734_81e8db8008_m.jpg,"a yellow flower, a type of dandelion"
dandelion\17029965300_8e755c2214_n.jpg,"a flower in the fore of a blurry background, a type of dandelion"
dandelion\17047231499_bd66c23641.jpg,"a dandely dandely dandely dandely dandely dandely dandel, a type of dandelion"
dandelion\17047385027_8fd510e164_n.jpg,"a bunch of yellow flowers, a type of dandelion"
dandelion\17075803866_aeeded2637.jpg,"a yellow flower in a garden, a type of dandelion"
dandelion\17077940105_d2cd7b9ec4_n.jpg,"a small yellow flower, a type of dandelion"
dandelion\17080000869_a80e767f4a_m.jpg,"a yellow flower, a type of dandelion"
dandelion\17122969189_0ec37cb6c9.jpg,"a field of flowers, a type of dandelion"
dandelion\17135145776_4c2ec21b05_m.jpg,"a dany plant with a bunch of dany flowers, a type of dandelion"
dandelion\17146644679_11aff3045c.jpg,"a bunch of flowers, a type of dandelion"
dandelion\17147436650_c94ae24004_n.jpg,"a yellow flower, a type of dandelion"
dandelion\17161833794_e1d92259d2_m.jpg,"a dang dang dang dang dang dang dang dang dang dang, a type of dandelion"
dandelion\17175932454_c052e205c1_n.jpg,"a dany dany plant with a blur of grass in the background, a type of dandelion"
dandelion\17189437699_a9171b6ae3.jpg,"a plant with seeds growing out of it, a type of dandelion"
dandelion\17220096449_0e535989f0_n.jpg,"a dandel dandel dandel dandel dandel dandel dandel dandel dandel dandel, a type of dandelion"
dandelion\17243540220_65b98eb926_n.jpg,"a butterfly is sitting on a flower in the grass, a type of dandelion"
dandelion\17244252705_328e0bcda6.jpg,"a flower in a vase on a table, a type of dandelion"
dandelion\17276354745_2e312a72b5_n.jpg,"a dandely dandely dandely dandely dandely dandely dandel, a type of dandelion"
dandelion\17280886635_e384d91300_n.jpg,"a dany dany dany dany dany dany dany dany dany dany dany dany dany dan, a type of dandelion"
dandelion\17322195031_c2680809dc_m.jpg,"a single yellow flower, a type of dandelion"
dandelion\17344936845_fec4d626b7.jpg,"a butterfly on a flower, a type of dandelion"
dandelion\17346385582_7ba433dbbe.jpg,"a dany dany plant with a single dany, a type of dandelion"
dandelion\17367866236_61abd4d243_n.jpg,"a field of yellow flowers with a quote, a type of dandelion"
dandelion\17388674711_6dca8a2e8b_n.jpg,"a dany plant with a small flower in the middle, a type of dandelion"
dandelion\17388697431_0d84c427d1_n.jpg,"dandel dandel dandel dandel dandel dandel dandel dandel dandel dandel dan, a type of dandelion"
dandelion\17420983523_2e32d70359.jpg,"a close up of a dandel flower, a type of dandelion"
dandelion\17457028309_95514c8d02_n.jpg,"a bee on a yellow flower, a type of dandelion"
dandelion\17466568484_9128287148.jpg,"a dany plant with a flower in the middle, a type of dandelion"
dandelion\17482158576_86c5ebc2f8.jpg,"a spider on a dany plant, a type of dandelion"
dandelion\17574213074_f5416afd84.jpg,"a close up of a dandela flower, a type of dandelion"
dandelion\17619402434_15b2ec2d79.jpg,"photograph - danylium by david ler, a type of dandelion"
dandelion\17649230811_9bdbbacb8c.jpg,"a hand holding a dandel with a dandel, a type of dandelion"
dandelion\17747738311_5014b1f77f.jpg,"a dany dany dany dany dany dany dany dany dany dany dany dany dany dan, a type of dandelion"
dandelion\17821459748_873101edd0_m.jpg,"a dandel dandel dandel dandel dandel dandel dandel dandel dandel dandel, a type of dandelion"
dandelion\17851831751_35b071f4b0.jpg,"a yellow flower with a bee on it, a type of dandelion"
dandelion\17862580326_293070978d_m.jpg,"a dandela flower with white and brown petals, a type of dandelion"
dandelion\17903104293_9138439e76.jpg,"a dandely dandely dandely dandely dandely dandely dandel, a type of dandelion"
dandelion\18001393975_2a6acaabd8.jpg,"a field of yellow flowers in the middle of a field, a type of dandelion"
dandelion\18010259565_d6aae33ca7_n.jpg,"a dany dany dany dany dany dany dany dany dany dany dany dany dany dan, a type of dandelion"
dandelion\18089878729_907ed2c7cd_m.jpg,"dandels in black and white, a type of dandelion"
dandelion\18111636378_856027a7b8_n.jpg,"a picture of a dandel with a cloudy background, a type of dandelion"
dandelion\18183515403_13a9ca6d86_n.jpg,"a yellow flower, a type of dandelion"
dandelion\18204150090_fb418bbddb.jpg,"a dany plant in a field, a type of dandelion"
dandelion\18215579866_94b1732f24.jpg,"a close up of a dandely flower, a type of dandelion"
dandelion\18232119726_cef27eaaac_n.jpg,"a dandel dandel dandel dandel dandel dandel dandel dandel dandel dandel, a type of dandelion"
dandelion\18238604119_a5689980ee_n.jpg,"a small yellow flower, a type of dandelion"
dandelion\18243329421_771b4d938e.jpg,"a close up of a dandely plant, a type of dandelion"
dandelion\18243351371_5fda92ac0a_n.jpg,"a close up of a flower with water droplets, a type of dandelion"
dandelion\18271576032_d7e2296de4_n.jpg,"a person holding a dandel in their hand, a type of dandelion"
dandelion\18276105805_d31d3f7e71.jpg,"a black and white photo of a dany dany, a type of dandelion"
dandelion\18282528206_7fb3166041.jpg,"a dany dany plant with a single flower, a type of dandelion"
dandelion\18304194360_2a4a0be631_m.jpg,"a dant dant with a dant on it, a type of dandelion"
dandelion\18342918441_b1bb69a2fd_n.jpg,"a bunch of yellow flowers in a field, a type of dandelion"
dandelion\18479635994_83f93f4120.jpg,"a dany plant with a single dany flower, a type of dandelion"
dandelion\18482768066_677292a64e.jpg,"a close up of a flower with water droplets, a type of dandelion"
dandelion\18587334446_ef1021909b_n.jpg,"a close up of a dandela flower, a type of dandelion"
dandelion\18687587599_3dd4fdf255.jpg,"a dandely dandely dandely dandely dandely dandely dandel, a type of dandelion"
dandelion\18803577858_fd0036e1f5_m.jpg,"a bee on a flower, a type of dandelion"
dandelion\18876985840_7531dc8e6a.jpg,"a yellow flower in the grass, a type of dandelion"
dandelion\18889216716_cd67aec890_n.jpg,"a bee on a yellow flower, a type of dandelion"
dandelion\18970601002_d70bc883a9.jpg,"a white flower with water droplets, a type of dandelion"
dandelion\18995294384_77543e96b6_n.jpg,"a dandely dandely dandely dandely dandely dandely dandel, a type of dandelion"
dandelion\18996760154_58d3c48604.jpg,"a dany flower in the grass, a type of dandelion"
dandelion\18996957833_0bd71fbbd4_m.jpg,"a dandely dandely dandely dandely dandely dandely dandel, a type of dandelion"
dandelion\18996965033_1d92e5c99e.jpg,"a field of grass, a type of dandelion"
dandelion\18999743619_cec3f39bee.jpg,"a close up of a flower with water droplets, a type of dandelion"
dandelion\19004688463_12a8423109.jpg,"a close up of a danyly plant, a type of dandelion"
dandelion\19064700925_b93d474e37.jpg,"a dandely dandely dandely dandely dandely dandely dandel, a type of dandelion"
dandelion\19067907051_16d530c7d2.jpg,"a dany plant with a single flower, a type of dandelion"
dandelion\19397467530_1e8131a7cf.jpg,"a field of grass, a type of dandelion"
dandelion\19426575569_4b53c0b726.jpg,"a dany flower with water droplets on it, a type of dandelion"
dandelion\19435491090_7af558e17e.jpg,"the sun is setting, a type of dandelion"
dandelion\19437578578_6ab1b3c984.jpg,"dandels in the grass, a type of dandelion"
dandelion\19437710780_c5f2156438.jpg,"a dany flower in the grass, a type of dandelion"
dandelion\19438516548_bbaf350664.jpg,"a dany dany dany dany dany dany dany dany dany dany dany dany dany dan, a type of dandelion"
dandelion\19440660848_c789227129_m.jpg,"a dany dany dany dany dany dany dany dany dany dany dany dany dany dan, a type of dandelion"
dandelion\19440910519_cb1162470e.jpg,"a dany flower, a type of dandelion"
dandelion\19443674130_08db1d9578_m.jpg,"a dandely flower in the middle of a field, a type of dandelion"
dandelion\19443726008_8c9c68efa7_m.jpg,"a dany flower with a blur effect, a type of dandelion"
dandelion\19506262462_d0945c14a6.jpg,"a close up of a dandel with water droplets, a type of dandelion"
dandelion\19526570282_1d1e71b0f3_m.jpg,"a dandely dandely dandely dandely dandely dandely dandel, a type of dandelion"
dandelion\19551343814_48f764535f_m.jpg,"a field of grass, a type of dandelion"
dandelion\19551343954_83bb52f310_m.jpg,"a field of grass, a type of dandelion"
dandelion\19586799286_beb9d684b5.jpg,"a dandely flower in the grass, a type of dandelion"
dandelion\19593576916_f5a083d7fe_n.jpg,"a field of dansies in the evening, a type of dandelion"
dandelion\19599413676_fc9ee2640e.jpg,"a dandely flower in the sun, a type of dandelion"
dandelion\19600096066_67dc941042.jpg,"a close up of a flower with water droplets, a type of dandelion"
dandelion\19602790836_912d38aaa8.jpg,"a small white flower with water droplets on it, a type of dandelion"
dandelion\19613204505_da554eb56a_n.jpg,"a close up of a dandela plant, a type of dandelion"
dandelion\19613308325_a67792d889.jpg,"a field of grass, a type of dandelion"
dandelion\19617425002_b914c1e2ab.jpg,"a flower in the grass, a type of dandelion"
dandelion\19617501581_606be5f716_n.jpg,"a dandely flower in the middle of a field, a type of dandelion"
dandelion\19617643201_9922eec796.jpg,"a close up of a flower in a field, a type of dandelion"
dandelion\19621170705_30bf8bf0ba.jpg,"a dandely flower with water droplets on it, a type of dandelion"
dandelion\19622465055_2a62ebd504_m.jpg,"a field of grass, a type of dandelion"
dandelion\19626311985_58f1a79da3.jpg,"a close up of a dandela flower, a type of dandelion"
dandelion\19691175559_ef12b8b354_n.jpg,"a yellow flower, a type of dandelion"
dandelion\19812060274_c432f603db.jpg,"dandela dandela, dandela dandela, dandela dandela, dandela dandela, dandel, a type of dandelion"
dandelion\19961979110_fcd8092388_m.jpg,"a black and white photo of a dandel, a type of dandelion"
dandelion\20165867412_fc45d31698_m.jpg,"a field of grass, a type of dandelion"
dandelion\20456824132_b1c8fbfa41_m.jpg,"a woman blowing a dandel on a field, a type of dandelion"
dandelion\20754920332_53b995fc63_n.jpg,"a white flower on a wooden surface, a type of dandelion"
dandelion\20983660733_06b35b9eb8.jpg,"dandela dandela dandela dandela dandela dandela dandela dandela dandela dan, a type of dandelion"
dandelion\21195621914_a5bdbb203d.jpg,"a dany flower in the middle of a field, a type of dandelion"
dandelion\21523597492_39b6765cd7_m.jpg,"a black and white photo of a dandel, a type of dandelion"
dandelion\21657726011_2c94e341bc_n.jpg,"photograph - dandel by david ler, a type of dandelion"
dandelion\22190242684_8c3300d4e6.jpg,"a dant dant with a blur background, a type of dandelion"
dandelion\22196426956_eca94f6faa_m.jpg,"a white flower, a type of dandelion"
dandelion\22274701614_901606ee34_n.jpg,"a dang flower in the middle of a field, a type of dandelion"
dandelion\22679060358_561ec823ae_m.jpg,"a dany dany dany dany dany dany dany dany dany dany dany dany dany dan, a type of dandelion"
dandelion\22785985545_95464115b0_m.jpg,"a dany dany dany dany dany dany dany dany dany dany dany dany dany dan, a type of dandelion"
dandelion\23192507093_2e6ec77bef_n.jpg,"a spider is sitting on top of a dany dan, a type of dandelion"
dandelion\23414449869_ee849a80d4.jpg,"a close up of a dandel in a field, a type of dandelion"
dandelion\23659122395_3467d88c02_n.jpg,"dandel by david stott - nature up close up dandel, dandel, dandel, dandel, dandel, dandel, a type of dandelion"
dandelion\23891393761_155af6402c.jpg,"a close up of a flower with yellow petals, a type of dandelion"
dandelion\3530495617_fd84fb321a_m.jpg,"a dany plant with a white flower, a type of dandelion"
dandelion\3530500952_9f94fb8b9c_m.jpg,"a field of yellow flowers, a type of dandelion"
dandelion\3533075436_0954145b9f_m.jpg,"a black and white photo of a dandel, a type of dandelion"
dandelion\3533167406_e9f4cf10bb_m.jpg,"a flower in the sky, a type of dandelion"
dandelion\3539077354_c67aa7168d_m.jpg,"a dandel dandel dandel dandel dandel dandel dandel dandel dandel dandel, a type of dandelion"
dandelion\3554435478_1a7ab743e9_n.jpg,"a dany dany plant with a green background, a type of dandelion"
dandelion\3554992110_81d8c9b0bd_m.jpg,"a dany plant with a single dany flower, a type of dandelion"
dandelion\3562861685_8b8d747b4d.jpg,"a close up of a danyly plant with a blur of the background, a type of dandelion"
dandelion\3580437733_9ef51f2981_n.jpg,"a field of yellow flowers, a type of dandelion"
dandelion\3580443099_9a6902ebd8_n.jpg,"a field of yellow flowers, a type of dandelion"
dandelion\3581252194_8c976d333a_n.jpg,"a field of yellow flowers, a type of dandelion"
dandelion\3584414925_1e6c4b61db_n.jpg,"a small bird is flying through a danyl, a type of dandelion"
dandelion\3584415133_a4122ab7b9.jpg,"a dany dany dany dany dany dany dany dany dany dany dany dany dany dan, a type of dandelion"
dandelion\3585220976_5acac92d1c.jpg,"a close up of a danyly plant, a type of dandelion"
dandelion\3589816063_50f8de7b64_m.jpg,"a dany dany plant with the sun shining through it, a type of dandelion"
dandelion\3591588855_b4fd53b000.jpg,"a dandela flower in the grass, a type of dandelion"
dandelion\3612582808_4503fa1f8b_m.jpg,"a black and white photo of a dandel, a type of dandelion"
dandelion\3662701865_3ff283a33a_n.jpg,"a small bird sitting on top of a lush green field, a type of dandelion"
dandelion\3664916269_29f07c7c7b.jpg,"a person holding a dandel, a type of dandelion"
dandelion\3675486971_d4c8683b54_n.jpg,"a dandely dandely dandely dandely dandely dandely dandel, a type of dandelion"
dandelion\3688128868_031e7b53e1_n.jpg,"a dany dany dany dany dany dany dany dany dany dany dany dany dany dan, a type of dandelion"
dandelion\3696596109_4c4419128a_m.jpg,"a dandely dandely dandely dandely dandely dandely dandely dandely dandely, a type of dandelion"
dandelion\3730618647_5725c692c3_m.jpg,"a dandel dandel dandel dandel dandel dandel dandel dandel dandel dandel, a type of dandelion"
dandelion\3761310831_41b5eba622_n.jpg,"a woman with a dandel in her hair, a type of dandelion"
dandelion\3823142577_dd5acd5ac6_n.jpg,"a dany dany dany dany dany dany dany dany dany dany dany dany dany dan, a type of dandelion"
dandelion\3844111216_742ea491a0.jpg,"a dany dany plant, a type of dandelion"
dandelion\3856725141_0db85f466d_n.jpg,"a close up of a dandela flower, a type of dandelion"
dandelion\3857059749_fe8ca621a9.jpg,"a dandel with the sun setting behind it, a type of dandelion"
dandelion\3954167682_128398bf79_m.jpg,"a dany dany plant with a blur of the background, a type of dandelion"
dandelion\3991962484_085ba2da94.jpg,"a dany plant with a sun shining through it, a type of dandelion"
dandelion\3998275481_651205e02d.jpg,"a dany dany dany dany dany dany dany dany dany dany dany dany dany dan, a type of dandelion"
dandelion\3998927705_af499a4f29.jpg,"a dann flower in the middle of a field, a type of dandelion"
dandelion\4082856478_741a411ebb.jpg,"a dany plant with a small flower, a type of dandelion"
dandelion\4134441089_c8c1e6132a.jpg,"a dany dany plant in the grass, a type of dandelion"
dandelion\4151883194_e45505934d_n.jpg,"a dandely flower with a blur of the petals, a type of dandelion"
dandelion\4155914848_3d57f50fc7.jpg,"a dandel dandel dandel dandel dandel dandel dandel dandel dandel dandel, a type of dandelion"
dandelion\4164845062_1fd9b3f3b4.jpg,"a dandely plant with water droplets on it, a type of dandelion"
dandelion\4226758402_a1b75ce3ac_n.jpg,"a close up of a danyly plant, a type of dandelion"
dandelion\4254850910_0610224342_n.jpg,"dandels in the grass, a type of dandelion"
dandelion\4258272073_f616d1e575_m.jpg,"a flower with a green background, a type of dandelion"
dandelion\4258272381_65bd4b8191_m.jpg,"a black and white photo of flowers, a type of dandelion"
dandelion\4265711814_9a006ee5b8.jpg,"a dany dany plant with a blur of the sun, a type of dandelion"
dandelion\4275776457_d04b597cfa_n.jpg,"a dany flower with a black background, a type of dandelion"
dandelion\4278757393_bca8415ed4_n.jpg,"a dany dany dany dany dany dany dany dany dany dany dany dany dany dan, a type of dandelion"
dandelion\4290112545_3528055993_m.jpg,"a field of yellow flowers, a type of dandelion"
dandelion\4336536446_e635f48f2e.jpg,"a yellow flower with water droplets on it, a type of dandelion"
dandelion\4489359360_09db62f825.jpg,"two yellow flowers, a type of dandelion"
dandelion\4496277750_8c34256e28.jpg,"a bunch of yellow flowers, a type of dandelion"
dandelion\4500964841_b1142b50fb_n.jpg,"a black plastic tube, a type of dandelion"
dandelion\4510350093_3700064215.jpg,"a dany dany dany dany dany dany dany dany dany dany dany dany dany dan, a type of dandelion"
dandelion\4510938552_6f7bae172a_n.jpg,"a dany plant with a green border, a type of dandelion"
dandelion\4512569988_2b3f802cc6.jpg,"a close up of a dandel, a type of dandelion"
dandelion\4514343281_26781484df.jpg,"a green grasshopper on a danylis flower, a type of dandelion"
dandelion\4523239455_9c31a06aaf_n.jpg,"a bee on a yellow flower, a type of dandelion"
dandelion\4523862714_b41b459c88.jpg,"a bee on a flower, a type of dandelion"
dandelion\4528742654_99d233223b_m.jpg,"a dany flower with a blury background, a type of dandelion"
dandelion\4530848609_02a1d9b791.jpg,"a person holding a flower, a type of dandelion"
dandelion\4550784336_584d7a65de_m.jpg,"a dany plant with a single dany flower, a type of dandelion"
dandelion\4552571121_2677bcdec3.jpg,"a flower in the fore, a type of dandelion"
dandelion\4552591312_02fe1dcc04_n.jpg,"two yellow flowers, a type of dandelion"
dandelion\4556178143_e0d32c0a86_n.jpg,"a yellow flower, a type of dandelion"
dandelion\4557781241_0060cbe723_n.jpg,"a dant with a green background, a type of dandelion"
dandelion\4558536575_d43a611bd4_n.jpg,"a dany dany dany dany dany dany dany dany dany dany dany dany dany dan, a type of dandelion"
dandelion\4558562689_c8e2ab9f10.jpg,"a blur of trees, a type of dandelion"
dandelion\4560613196_91a04f8dcf_m.jpg,"a yellow flower, a type of dandelion"
dandelion\4560663938_3557a1f831.jpg,"a yellow flower, a type of dandelion"
dandelion\4562516418_8ccb8c103f.jpg,"a field of grass with yellow flowers, a type of dandelion"
dandelion\4568317687_3f89622f76.jpg,"a close up of a dandel, a type of dandelion"
dandelion\4571681134_b605a61547_n.jpg,"a dany flower in a field, a type of dandelion"
dandelion\4571923094_b9cefa9438_n.jpg,"a dany plant with a flower, a type of dandelion"
dandelion\4572738670_4787a11058_n.jpg,"a yellow flower in the grass, a type of dandelion"
dandelion\4573204385_9b71e96b35_m.jpg,"a close up of a flower with water droplets, a type of dandelion"
dandelion\4573204407_babff0dce4_n.jpg,"a close up of a flower with water droplets, a type of dandelion"
dandelion\4573886520_09c984ecd8_m.jpg,"a picture of a water drop on a leaf, a type of dandelion"
dandelion\4573886524_5161482ca7_n.jpg,"a green leaf, a type of dandelion"
dandelion\4574102507_70039c8b28.jpg,"a dany flower in front of a fence, a type of dandelion"
dandelion\4574447682_40dce530f1.jpg,"a bench in a field of danyling flowers, a type of dandelion"
dandelion\4574451859_432c856b6e_n.jpg,"a dant with a small white flower in the middle, a type of dandelion"
dandelion\4574736702_b15ecf97d0_m.jpg,"a dany plant with a bunch of dany flowers, a type of dandelion"
dandelion\4574737576_044403a997_n.jpg,"a bunch of white flowers on a black background, a type of dandelion"
dandelion\4575406391_7a62c5f90f_n.jpg,"a yellow flower with a green stem, a type of dandelion"
dandelion\4586018734_6de9c513c2.jpg,"a blue sky with white clouds, a type of dandelion"
dandelion\4588529727_4a79c61577.jpg,"dandels in the grass, a type of dandelion"
dandelion\4589787911_851cb80157_n.jpg,"a yellow flower, a type of dandelion"
dandelion\4598938531_9749b3b56a.jpg,"a close up of a white flower, a type of dandelion"
dandelion\4601270210_60136f2b87_n.jpg,"a black and white photo of a dandel, a type of dandelion"
dandelion\4606893762_c2f26c7e91_n.jpg,"a dant with a green background, a type of dandelion"
dandelion\4607183665_3472643bc8.jpg,"a yellow flower, a type of dandelion"
dandelion\4610125337_50798408b8_m.jpg,"a yellow flower in the middle of a field, a type of dandelion"
dandelion\4622115595_a0de9f2013_n.jpg,"a dany plant with a single dany flower, a type of dandelion"
dandelion\4624036600_11a4744254_n.jpg,"a dandely dandely dandely dandely dandely dandely dandel, a type of dandelion"
dandelion\4629844753_4e02015d29_m.jpg,"dandela dandela dandela dandela dandela dandela dandela dandela dandela dan, a type of dandelion"
dandelion\4632235020_d00ce1e497.jpg,"a bee on a flower, a type of dandelion"
dandelion\4632251871_9f324a7bb5.jpg,"a close up of a dandel, a type of dandelion"
dandelion\4632757134_40156d7d5b.jpg,"a dant dant, a type of dandelion"
dandelion\4632761610_768360d425.jpg,"a dany plant, a type of dandelion"
dandelion\4632863567_5f9af7de97_n.jpg,"a dany dany plant with a small white flower, a type of dandelion"
dandelion\4633323785_20676ff914_m.jpg,"a dany dany dany dany dany dany dany dany dany dany dany dany dany dan, a type of dandelion"
dandelion\4633514720_22e82c5f7c_m.jpg,"a black and white photo of a dandel, a type of dandelion"
dandelion\4633792226_80f89c89ec_m.jpg,"a black and white photograph of a dandel, a type of dandelion"
dandelion\4634716478_1cbcbee7ca.jpg,"a white wall, a type of dandelion"
dandelion\4635296297_9ce69e4a6e.jpg,"a field of grass, a type of dandelion"
dandelion\4638438929_2ec76083c8_m.jpg,"dandels in the grass, a type of dandelion"
dandelion\4645101643_9c9d9df13e.jpg,"the sky is clear, a type of dandelion"
dandelion\4645161319_c308fc31ef_n.jpg,"a dany plant with a single dany flower, a type of dandelion"
dandelion\4654848357_9549351e0b_n.jpg,"a dany dany dany dany dany dany dany dany dany dany dany dany dany dan, a type of dandelion"
dandelion\4657801292_73bef15031.jpg,"a bee on a flower, a type of dandelion"
dandelion\4669006062_6b3d260037_n.jpg,"a dany plant with a single dany, a type of dandelion"
dandelion\4669815582_0a994fb4fd_m.jpg,"a dany plant with white flowers in the background, a type of dandelion"
dandelion\4675287055_5938ed62c4.jpg,"a dany flower, a type of dandelion"
dandelion\4676527148_d701b9202f_n.jpg,"a dant with a green background, a type of dandelion"
dandelion\4684022752_89631bd98e_n.jpg,"a dany dany dany dany dany dany dany dany dany dany dany dany dany dan, a type of dandelion"
dandelion\4691257171_23a29aaa33_n.jpg,"a dandely flower in the middle of a field, a type of dandelion"
dandelion\4696437766_85952d0196.jpg,"a dant dant, a type of dandelion"
dandelion\4708723476_a1b476a373.jpg,"a dany plant with a small white flower, a type of dandelion"
dandelion\4713958242_fbcfe9a61b_m.jpg,"a dandely plant with white flowers in the grass, a type of dandelion"
dandelion\4714026966_93846ddb74_m.jpg,"a field of grass, a type of dandelion"
dandelion\4716316039_044e4d2d1a.jpg,"a yellow flower on a bench, a type of dandelion"
dandelion\4721773235_429acdf496_n.jpg,"dandela by the dandela, a type of dandelion"
dandelion\4844697927_c70d644f40_n.jpg,"a dany dany dany dany dany dany dany dany dany dany dany dany dany dan, a type of dandelion"
dandelion\4847150510_7a5db086fa.jpg,"a field of grass, a type of dandelion"
dandelion\4858372040_52216eb0bd.jpg,"a dandely flower in black and white, a type of dandelion"
dandelion\4862011506_4faf6d127e_n.jpg,"a black and white photo of a dandel, a type of dandelion"
dandelion\4893356345_24d67eff9f_m.jpg,"a bee on a flower, a type of dandelion"
dandelion\4944731313_023a0508fd_n.jpg,"a bee flying over a field of dansies, a type of dandelion"
dandelion\4953240903_a121fba81f_m.jpg,"a dandely dandely dandely dandely dandely dandely dandel, a type of dandelion"
dandelion\5003160931_cf8cbb846f.jpg,"a dany plant, a type of dandelion"
dandelion\5024965767_230f140d60_n.jpg,"a dant dant with a black background, a type of dandelion"
dandelion\5033866477_a77cccba49_m.jpg,"a red car, a type of dandelion"
dandelion\5045509402_6e052ce443.jpg,"a dany dany plant with a blur background, a type of dandelion"
dandelion\5109496141_8dcf673d43_n.jpg,"a lady bug on a yellow flower, a type of dandelion"
dandelion\5109501167_2d9bbb0f27_m.jpg,"a yellow flower on a yellow background, a type of dandelion"
dandelion\5110102140_787d325757_n.jpg,"a yellow flower in a vase with a yellow background, a type of dandelion"
dandelion\5110103388_78dc02558e_n.jpg,"a yellow flower in a vase, a type of dandelion"
dandelion\5110104894_a52c685516_n.jpg,"a yellow flower, a type of dandelion"
dandelion\5129135346_3fa8e804d8_n.jpg,"a dany plant with a flower in the middle, a type of dandelion"
dandelion\5140791232_52f2c5b41d_n.jpg,"a yellow flower, a type of dandelion"
dandelion\5217892384_3edce91761_m.jpg,"a small white flower, a type of dandelion"
dandelion\5416388641_c66d52d2ff_m.jpg,"a flower in front of a wall, a type of dandelion"
dandelion\5446666484_365f3be83a_n.jpg,"a dany plant with a blue sky in the background, a type of dandelion"
dandelion\5572197407_a0047238a6.jpg,"a dany dany dany dany dany dany dany dany dany dany dany dany dany dan, a type of dandelion"
dandelion\5596093561_09b0301136_n.jpg,"a dany dany dany dany dany dany dany dany dany dany dany dany dany dan, a type of dandelion"
dandelion\5598014250_684c28bd5c_n.jpg,"a couple of yellow flowers sitting in the grass, a type of dandelion"
dandelion\5598591979_ed9af1b3e9_n.jpg,"a yellow flower, a type of dandelion"
dandelion\5598845098_13e8e9460f.jpg,"a yellow flower, a type of dandelion"
dandelion\5600240736_4a90c10579_n.jpg,"a yellow flower in the grass, a type of dandelion"
dandelion\5605093210_5fecb71c61.jpg,"a man blowing a dandel, a type of dandelion"
dandelion\5605502523_05acb00ae7_n.jpg,"a yellow flower in the grass, a type of dandelion"
dandelion\5607256228_2294c201b3.jpg,"the grass is green, a type of dandelion"
dandelion\5607669502_ccd2a76668_n.jpg,"a dany dany dany dany dany dany dany dany dany dany dany dany dany dan, a type of dandelion"
dandelion\5607983792_f8b8766ff7.jpg,"a person holding a dandel, a type of dandelion"
dandelion\5608832856_f5d49de778.jpg,"a dany plant with a small white flower, a type of dandelion"
dandelion\5613466853_e476bb080e.jpg,"a field of flowers, a type of dandelion"
dandelion\5623492051_8e5ce438bd.jpg,"a dany plant with a small white flower, a type of dandelion"
dandelion\5623855601_ecaebdb8fe.jpg,"a close up of a dandela flower, a type of dandelion"
dandelion\5628296138_9031791fab.jpg,"a white flower with a black background, a type of dandelion"
dandelion\5628515159_6b437ff1e5_n.jpg,"a close up of a yellow flower, a type of dandelion"
dandelion\5629940298_634f35125c.jpg,"a yellow flower in the grass, a type of dandelion"
dandelion\5642429835_a0cbf1bab7_n.jpg,"a field of yellow flowers, a type of dandelion"
dandelion\5643666851_dc3f42399d_m.jpg,"a yellow flower, a type of dandelion"
dandelion\5644234724_cb0917ee33_m.jpg,"a yellow flower, a type of dandelion"
dandelion\5647842237_b1c5196718_n.jpg,"a black and white photo of a dandel, a type of dandelion"
dandelion\5651310874_c8be336c2b.jpg,"a bunch of white flowers, a type of dandelion"
dandelion\5654859907_c2be3b0f1e_n.jpg,"a black and white photo of a dandel, a type of dandelion"
dandelion\5655177340_78fc36ce59_m.jpg,"black and white dandel dandel dandel dandel dandel dandel dandel dandel dandel, a type of dandelion"
dandelion\5670543216_8c4cb0caa8_m.jpg,"a bee on a flower, a type of dandelion"
dandelion\5673112305_02fe19297b_n.jpg,"a yellow flower growing out of a crack in a road, a type of dandelion"
dandelion\5674707921_1ffd141bab_n.jpg,"a bunch of yellow flowers, a type of dandelion"
dandelion\5675705011_82729927ca_n.jpg,"a dany dany dany dany dany dany dany dany dany dany dany dany dany dan, a type of dandelion"
dandelion\5676682203_70d797f760.jpg,"a dany flower in the middle of a field, a type of dandelion"
dandelion\5681951567_d3b03bfd2a_m.jpg,"a field of green grass, a type of dandelion"
dandelion\5705695593_d79286ac0d.jpg,"a dandely dandely dandely dandely dandely dandely dandel, a type of dandelion"
dandelion\5715788902_9dd2b4ef1d.jpg,"a field of yellow flowers, a type of dandelion"
dandelion\5716633491_55e6f02645_n.jpg,"a yellow flower with a black background, a type of dandelion"
dandelion\5725836812_a7d1c5540d_m.jpg,"a picture of a dan flower, a type of dandelion"
dandelion\5726984343_ae124aed97.jpg,"a bug on a flower, a type of dandelion"
dandelion\5727534342_419604c177_n.jpg,"a bug on a yellow flower, a type of dandelion"
dandelion\5740633858_8fd54c23c9_n.jpg,"a dany dany dany dany dany dany dany dany dany dany dany dany dany dan, a type of dandelion"
dandelion\5744236092_de84b4e38d_n.jpg,"a yellow flower in a field of green grass, a type of dandelion"
dandelion\5745882709_fb6fc8f02a_n.jpg,"a small bird sitting on top of a danyl, a type of dandelion"
dandelion\5749815755_12f9214649_n.jpg,"a dany dany plant with a single flower, a type of dandelion"
dandelion\5757012454_c37f305b73.jpg,"a close up of a dandel on a plant, a type of dandelion"
dandelion\5760890854_c3e009bc8a_n.jpg,"a yellow flower in the grass, a type of dandelion"
dandelion\5762590366_5cf7a32b87_n.jpg,"a yellow flower, a type of dandelion"
dandelion\5767676943_4f9c7323f3_n.jpg,"a dany dany dany dany dany dany dany dany dany dany dany dany dany dan, a type of dandelion"
dandelion\5768217474_f6b1eef6d5_n.jpg,"a dany dany dany dany dany dany dany dany dany dany dany dany dany dan, a type of dandelion"
dandelion\5772194932_60b833091f.jpg,"a close up of a dandel, a type of dandelion"
dandelion\5776879272_95008399c3.jpg,"a dang in the grass, a type of dandelion"
dandelion\5797606814_ccac615312_m.jpg,"a field of dansies, a type of dandelion"
dandelion\5829610661_8439ba4a77_n.jpg,"a black and white photo of a dandel, a type of dandelion"
dandelion\5862288632_1df5eb6dd0.jpg,"a dany dany dany dany dany dany dany dany dany dany dany dany dany dan, a type of dandelion"
dandelion\5863928177_8ae1425e76_n.jpg,"danylinea, danylinea, danylinea, danylinea, danylinea, danylinea,, a type of dandelion"
dandelion\5875763050_82f32f2eed_m.jpg,"a dany dany dany dany dany dany dany dany dany dany dany dany dany dan, a type of dandelion"
dandelion\5886830036_2b99899c95.jpg,"a close up of a dandela flower, a type of dandelion"
dandelion\5909154147_9da14d1730_n.jpg,"a field of flowers and a blue sky, a type of dandelion"
dandelion\5996421299_b9bf488c1a_n.jpg,"a field of white flowers with green stems, a type of dandelion"
dandelion\6012046444_fd80afb63a_n.jpg,"a close up of a flower with a blury background, a type of dandelion"
dandelion\6019234426_d25ea1230a_m.jpg,"a picture of a dandel with a quote, a type of dandelion"
dandelion\6035460327_4bbb708eab_n.jpg,"a close up of a flower with the sun shining in the background, a type of dandelion"
dandelion\6044710875_0459796d1b_m.jpg,"a dany dany plant with a green background, a type of dandelion"
dandelion\6060576850_984176cf4f_n.jpg,"a dany dany dany dany dany dany dany dany dany dany dany dany dany dan, a type of dandelion"
dandelion\6103898045_e066cdeedf_n.jpg,"a bee on a danyline flower, a type of dandelion"
dandelion\6104442744_ee2bcd32e7_n.jpg,"a dandely dandely dandely dandely dandely dandely dandel, a type of dandelion"
dandelion\6132275522_ce46b33c33_m.jpg,"a bee on a yellow flower, a type of dandelion"
dandelion\6146107825_45f708ecd7_n.jpg,"a yellow flower in the middle of a field, a type of dandelion"
dandelion\6208857436_14a65fe4af_n.jpg,"a dandely dandely dandely dandely dandely dandely dandel, a type of dandelion"
dandelion\6229634119_af5fec0a22.jpg,"a dany plant with a single dany in the middle, a type of dandelion"
dandelion\6250363717_17732e992e_n.jpg,"a dany plant with a sun in the background, a type of dandelion"
dandelion\6400843175_ef07053f8f_m.jpg,"a dany plant with a single dany, a type of dandelion"
dandelion\6495802659_98b57e0cca_m.jpg,"a dany flower in a field of red flowers, a type of dandelion"
dandelion\6888894675_524a6accab_n.jpg,"a dany plant with a light shining through it, a type of dandelion"
dandelion\6897671808_57230e04c5_n.jpg,"a black and white photo of a flower, a type of dandelion"
dandelion\6900157914_c3387c11d8.jpg,"a bunch of dansies, a type of dandelion"
dandelion\6901435398_b3192ff7f8_m.jpg,"a black and white photo of a dandel, a type of dandelion"
dandelion\6918170172_3215766bf4_m.jpg,"a field of grass, a type of dandelion"
dandelion\6953830582_8525e0423c_n.jpg,"a dandely dandely dandely dandely dandely dandely dandel, a type of dandelion"
dandelion\6954604340_d3223ed296_m.jpg,"a dany dany dany dany dany dany dany dany dany dany dany dany dany dan, a type of dandelion"
dandelion\6968202872_cfcb5b77fb.jpg,"a green leaf, a type of dandelion"
dandelion\6972675188_37f1f1d6f6.jpg,"a close up of a yellow flower, a type of dandelion"
dandelion\6983105424_f33cc9b08d_m.jpg,"a bee on a flower, a type of dandelion"
dandelion\6983113346_21551e1b52_n.jpg,"a bee on a flower, a type of dandelion"
dandelion\6983120596_8b9f084ac2_n.jpg,"a bum on a yellow flower, a type of dandelion"
dandelion\6985099958_5249a4688b.jpg,"a dany plant in the grass, a type of dandelion"
dandelion\6994925894_030e157fe0.jpg,"a dany flower with water droplets on it, a type of dandelion"
dandelion\6994931102_4667c0352e.jpg,"a dany dany plant with water droplets, a type of dandelion"
dandelion\6994931380_a7588c1192_m.jpg,"a dany dany flower with water droplets, a type of dandelion"
dandelion\6994933428_307b092ce7_m.jpg,"a close up of a flower with a bug on it, a type of dandelion"
dandelion\6994938270_bf51d0fe63.jpg,"a dany plant with a white flower, a type of dandelion"
dandelion\7004645518_ff0f862eff_n.jpg,"a dandely dandely dandely dandely dandely dandely dandel, a type of dandelion"
dandelion\7015947703_11b30c20c9_n.jpg,"a dany dany dany dany dany dany dany dany dany dany dany dany dany dan, a type of dandelion"
dandelion\7040710179_7f86a17a3c_n.jpg,"a bunch of dansies in the grass, a type of dandelion"
dandelion\7062171343_db61c92737_n.jpg,"a dany flower with a bee on it, a type of dandelion"
dandelion\7099259755_1c66420206_n.jpg,"a close up of a danyly flower, a type of dandelion"
dandelion\7116950607_49b19102ba_n.jpg,"a dany plant with a light shining on it, a type of dandelion"
dandelion\7132482331_01769e36e9_n.jpg,"a dant dant on a black background, a type of dandelion"
dandelion\7132605107_f5e033d725_n.jpg,"a yellow flower sitting on top of a green plant, a type of dandelion"
dandelion\7132676187_7a4265b16f_n.jpg,"a yellow flower with a black background, a type of dandelion"
dandelion\7132677385_bcbdcc6001.jpg,"a flower growing out of a crack in a wall, a type of dandelion"
dandelion\7141013005_d2f168c373.jpg,"a dany dany dany dany dany dany dany dany dany dany dany dany dany dan, a type of dandelion"
dandelion\7141019507_4a44c6e888_m.jpg,"a dany dany dany dany dany dany dany dany dany dany dany dany dany dan, a type of dandelion"
dandelion\7148085703_b9e8bcd6ca_n.jpg,"a field of grass with a building in the background, a type of dandelion"
dandelion\7153497513_076486e26b_n.jpg,"a person holding a flower in their hand, a type of dandelion"
dandelion\7162551630_3647eb9254.jpg,"a chain link fence, a type of dandelion"
dandelion\7164500544_332b75aa3b.jpg,"a bunch of yellow flowers, a type of dandelion"
dandelion\7165651120_2279ebf6d1.jpg,"a person holding a flower in their hand, a type of dandelion"
dandelion\7179487220_56e4725195_m.jpg,"a flower in a vase, a type of dandelion"
dandelion\7184780734_3baab127c2_m.jpg,"a dany dany plant with a black and white background, a type of dandelion"
dandelion\7188112181_571434b058_n.jpg,"a dang dang dang dang dang dang dang dang dang dang, a type of dandelion"
dandelion\7193058132_36fd883048_m.jpg,"a white flower, a type of dandelion"
dandelion\7196409186_a59957ce0b_m.jpg,"a flower in the fore, a type of dandelion"
dandelion\7196683612_6c4cf05b24.jpg,"a white flower, a type of dandelion"
dandelion\7197581386_8a51f1bb12_n.jpg,"a small white flower, a type of dandelion"
dandelion\7218569994_de7045c0c0.jpg,"a close up of a dandel flower, a type of dandelion"
dandelion\7222962522_36952a67b6_n.jpg,"a humming is flying over a flower, a type of dandelion"
dandelion\7226987694_34552c3115_n.jpg,"a dandely dandely dandely dandely dandely dandely dandel, a type of dandelion"
dandelion\7232035352_84a39e99ba_n.jpg,"black and white photograph of dandel flowers, a type of dandelion"
dandelion\7243174412_d3628e4cc4_m.jpg,"a dany plant with a single flower, a type of dandelion"
dandelion\7243478942_30bf542a2d_m.jpg,"a dany plant with a single dany flower, a type of dandelion"
dandelion\7247192002_39b79998f0_n.jpg,"a close up of a danyly plant, a type of dandelion"
dandelion\7249354462_21925f7d95_n.jpg,"a dandely dandely dandely dandely dandely dandely dandel, a type of dandelion"
dandelion\7262863194_682209e9fb.jpg,"a dandely dandely dandely dandely dandely dandely dandel, a type of dandelion"
dandelion\7267547016_c8903920bf.jpg,"a little girl holding a flower, a type of dandelion"
dandelion\7270523166_b62fc9e5f1_m.jpg,"a dany plant with a single flower in the middle, a type of dandelion"
dandelion\7280217714_fb9ffccf2d_n.jpg,"a dany dany plant with a green background, a type of dandelion"
dandelion\7280221020_98b473b20d_n.jpg,"a dandela plant with a black background, a type of dandelion"
dandelion\7280222348_a87725ca77.jpg,"a dany dany plant with a green background, a type of dandelion"
dandelion\7280227122_7ea2bef7f4_n.jpg,"a dandely dandely dandely dandely dandely dandely dandel, a type of dandelion"
dandelion\7291185504_b740bbeba4_m.jpg,"a dandely dandely dandely dandely dandely dandely dandel, a type of dandelion"
dandelion\7295618968_c08a326cc1_m.jpg,"a dandel dandel dandel dandel dandel dandel dandel dandel dandel dandel, a type of dandelion"
dandelion\7308600792_27cff2f73f.jpg,"a dandely dandely dandely dandely dandely dandely dandely dandely dandely dandel, a type of dandelion"
dandelion\7315832212_b0ceeb8de8_n.jpg,"a dany dany plant with a single flower, a type of dandelion"
dandelion\7367491658_9eb4dc2384_m.jpg,"a dandel on a black background, a type of dandelion"
dandelion\7368435774_0045b9dc4e.jpg,"a dant with a flower in the middle, a type of dandelion"
dandelion\7368449232_c99f49b2e6_n.jpg,"a dant dant with a dant on it, a type of dandelion"
dandelion\7401173270_ebaf04c9b0_n.jpg,"a flower is growing in a tree, a type of dandelion"
dandelion\7425858848_d04dab08dd_n.jpg,"a dany plant with a single dany flower, a type of dandelion"
dandelion\7448453384_fb9caaa9af_n.jpg,"a dany plant with a blue sky in the background, a type of dandelion"
dandelion\7465850028_cdfaae235a_n.jpg,"a yellow flower in the grass, a type of dandelion"
dandelion\7469617666_0e1a014917.jpg,"a yellow flower in the grass, a type of dandelion"
dandelion\7719263062_3c8a307a5d.jpg,"a white butterfly is flying over a flower, a type of dandelion"
dandelion\7808430998_31ba639031_n.jpg,"a dany plant with a blue sky in the background, a type of dandelion"
dandelion\7808545612_546cfca610_m.jpg,"a small white flower, a type of dandelion"
dandelion\7843447416_847e6ba7f4_m.jpg,"a dany dany dany dany dany dany dany dany dany dany dany dany dany dan, a type of dandelion"
dandelion\7884440256_91c033732d.jpg,"danyly danyly danyly danyly danyly danyly danyly danyly danyly dan, a type of dandelion"
dandelion\7950892504_33142110c2.jpg,"a woman holding a flower, a type of dandelion"
dandelion\7950901292_2dea05f9a2_n.jpg,"a woman blowing a dandel, a type of dandelion"
dandelion\7998106328_c3953f70e9_n.jpg,"a small yellow flower, a type of dandelion"
dandelion\8011324555_375b7b5b0a.jpg,"a flower in the middle of a field, a type of dandelion"
dandelion\8058286066_acdf082487_n.jpg,"a dandely dandely dandely dandely dandely dandely dandel, a type of dandelion"
dandelion\8079778274_f2a400f749_n.jpg,"a bee is on a yellow flower, a type of dandelion"
dandelion\8083321316_f62ea76f72_n.jpg,"dan dan dan dan dan dan dan dan dan dan dan dan dan dan dan dan dan dan dan dan dan, a type of dandelion"
dandelion\8168031302_6e36f39d87.jpg,"a dany dany dany dany dany dany dany dany dany dany dany dany dany dan, a type of dandelion"
dandelion\8194560480_bfc1fb5801.jpg,"a yellow flower in the grass, a type of dandelion"
dandelion\8209318399_ae72aefdb5.jpg,"a dandely flower with water droplets on it, a type of dandelion"
dandelion\8220011556_28e0cab67f.jpg,"a dandely flower with a blur in the background, a type of dandelion"
dandelion\8267315764_129f2e1d77_m.jpg,"a close up of a danyly plant, a type of dandelion"
dandelion\8270191872_61e47ae3b8_m.jpg,"a dandely dandely dandely dandely dandely dandely dandel, a type of dandelion"
dandelion\8327657321_2cbceec396_n.jpg,"a black and white photo of a dandel, a type of dandelion"
dandelion\8376558865_19c5cd6fd6_n.jpg,"a dandela plant with white flowers, a type of dandelion"
dandelion\8497389500_45636fdd14.jpg,"a yellow flower, a type of dandelion"
dandelion\8533312924_ee09412645_n.jpg,"a close up of a flower in the grass, a type of dandelion"
dandelion\8613502159_d9ea67ba63.jpg,"a close up of a yellow flower, a type of dandelion"
dandelion\8632704230_ccafc5f7e2.jpg,"a black and white photo of a dandel, a type of dandelion"
dandelion\8642679391_0805b147cb_m.jpg,"a bunch of dansies in the grass, a type of dandelion"
dandelion\8647874151_aac8db2588_m.jpg,"a dandely flower with a blur of the background, a type of dandelion"
dandelion\8663932737_0a603ab718_n.jpg,"a dandel dandel dandel dandel dandel dandel dandel dandel dandel dandel, a type of dandelion"
dandelion\8681169825_19a21c6bf5_m.jpg,"a dany dany plant with a green background, a type of dandelion"
dandelion\8681388520_c697dee897_n.jpg,"a dandely dandely dandely dandely dandely dandely dandel, a type of dandelion"
dandelion\8681420404_6ae114f036_n.jpg,"a couple of yellow flowers in a field, a type of dandelion"
dandelion\8684925862_d736e153bf_n.jpg,"a dany dany dany dany dany dany dany dany dany dany dany dany dany dan, a type of dandelion"
dandelion\8687729737_a7fbeded2c_m.jpg,"a dany dany dany dany dany dany dany dany dany dany dany dany dany dan, a type of dandelion"
dandelion\8689302100_be76a16ccc_n.jpg,"a dany dany plant with a quote on it, a type of dandelion"
dandelion\8689302980_9bd2f7b9fe_n.jpg,"a dany flower, a type of dandelion"
dandelion\8691437509_9ac8441db7_n.jpg,"a close up of a flower with water droplets, a type of dandelion"
dandelion\8701999625_8d83138124.jpg,"a bunch of dansies, a type of dandelion"
dandelion\8707349105_6d06b543b0.jpg,"a close up of a yellow flower, a type of dandelion"
dandelion\8716513637_2ba0c4e6cd_n.jpg,"a bee on a yellow flower in a field, a type of dandelion"
dandelion\8717157979_05cbc10cc1.jpg,"a field of yellow flowers, a type of dandelion"
dandelion\8717161615_4c1e403083.jpg,"a field of yellow flowers, a type of dandelion"
dandelion\8717787983_c83bdf39fe_n.jpg,"danyly danyly danyly danyly danyly danyly danyly danyly danyly dan, a type of dandelion"
dandelion\8719032054_9a3ce4f0ff.jpg,"a dany plant with white flowers in the background, a type of dandelion"
dandelion\8719388716_1a392c4c0e_n.jpg,"a dandely dandely dandely dandely dandely dandely dandel, a type of dandelion"
dandelion\8720503800_cab5c62a34.jpg,"a man blowing a dan, a type of dandelion"
dandelion\8723679596_391a724d4f_m.jpg,"a yellow flower, a type of dandelion"
dandelion\8724252904_db9a5104df_m.jpg,"a dany flower in the grass, a type of dandelion"
dandelion\8727612532_6f3d0904aa_n.jpg,"a small cardboard man standing in the grass, a type of dandelion"
dandelion\8733226215_161309f8ec.jpg,"a dany dany dany dany dany dany dany dany dany dany dany dany dany dan, a type of dandelion"
dandelion\8735646181_fa9787d4e0.jpg,"a close up of a yellow flower, a type of dandelion"
dandelion\8737699225_19e0c9f0fa_m.jpg,"a close up of a flower with a bee on it, a type of dandelion"
dandelion\8738317694_eca2ce3bfc_n.jpg,"a dany plant with a blue sky in the background, a type of dandelion"
dandelion\8739657154_6db14796c9.jpg,"a field of dansies, a type of dandelion"
dandelion\8740218495_23858355d8_n.jpg,"a close up of a flower with a bug on it, a type of dandelion"
dandelion\8740787470_67230d0609.jpg,"a dany plant with a blur of the sun, a type of dandelion"
dandelion\8744249948_36cb1969f8_m.jpg,"a wooden crate with a vase of yellow flowers, a type of dandelion"
dandelion\8747223572_dcd9601e99.jpg,"a tree in the background, a type of dandelion"
dandelion\8748402330_c00f9fbf7f_n.jpg,"a close up of a flower with a blury background, a type of dandelion"
dandelion\8749577087_dc2521615f_n.jpg,"a small white flower, a type of dandelion"
dandelion\8754822932_948afc7cef.jpg,"two white dansies on a black background, a type of dandelion"
dandelion\8756906129_b05a1b26f2.jpg,"a dany dany dany dany dany dany dany dany dany dany dany dany dany dan, a type of dandelion"
dandelion\8757650550_113d7af3bd.jpg,"the dany dany is covered with water, a type of dandelion"
dandelion\8759118120_9eac064e38_n.jpg,"a dandely dandely dandely dandely dandely dandely dandely dandely dandely, a type of dandelion"
dandelion\8780964418_7a01a7f48a_n.jpg,"a yellow flower, a type of dandelion"
dandelion\8791577794_7573712cb4_n.jpg,"a dany dany dany dany dany dany dany dany dany dany dany dany dany dan, a type of dandelion"
dandelion\8797114213_103535743c_m.jpg,"a single flower in the middle of a black and white photo, a type of dandelion"
dandelion\8805314187_1aed702082_n.jpg,"a bunch of yellow flowers, a type of dandelion"
dandelion\8831808134_315aedb37b.jpg,"a white flower in the grass, a type of dandelion"
dandelion\8842317179_d59cf218cb_n.jpg,"a dandel dandel dandel dandel dandel dandel dandel dandel dandel dandel, a type of dandelion"
dandelion\8842482175_92a14b4934_m.jpg,"a dandel dandel dandel dandel dandel dandel dandel dandel dandel dandel, a type of dandelion"
dandelion\8880158802_6e10a452c7_m.jpg,"a dany plant with a yellow flower, a type of dandelion"
dandelion\8905148527_ba9f55cd78.jpg,"a field of flowers, a type of dandelion"
dandelion\8915661673_9a1cdc3755_m.jpg,"a dany flower with a small seed on it, a type of dandelion"
dandelion\8929523512_c87897b84e.jpg,"a dany dany plant with a green background, a type of dandelion"
dandelion\8935456132_8dc4d3b679_n.jpg,"a dany plant in the grass, a type of dandelion"
dandelion\8935477500_89f22cca03_n.jpg,"a yellow flower in the grass, a type of dandelion"
dandelion\8952484062_31d1d97e45.jpg,"a dany flower on a red wall, a type of dandelion"
dandelion\8956863946_f96be02aae_n.jpg,"dandels in the grass at sunset, a type of dandelion"
dandelion\8963359346_65ca69c59d_n.jpg,"a dandely dandely dandely dandely dandely dandely dandel, a type of dandelion"
dandelion\8966818334_483f4489be_n.jpg,"a bird sitting on a plant in a field, a type of dandelion"
dandelion\8969938579_4c2032dd96_n.jpg,"a dany flower with water droplets on it, a type of dandelion"
dandelion\8978962053_0727b41d26.jpg,"a white flower, a type of dandelion"
dandelion\8979062599_86cac547b8.jpg,"a dany plant, a type of dandelion"
dandelion\8979087213_28f572174c.jpg,"the dan is white, a type of dandelion"
dandelion\8980145452_efbd6e3b04.jpg,"a white flower, a type of dandelion"
dandelion\8980164828_04fbf64f79_n.jpg,"a close up of a flower with a bird in the background, a type of dandelion"
dandelion\8980266062_8387f6cc89.jpg,"the dan is white, a type of dandelion"
dandelion\8980273068_cf7e8b880a_n.jpg,"a dany plant with a green background, a type of dandelion"
dandelion\8980460785_b5e6842e59_n.jpg,"a butterfly on a flower, a type of dandelion"
dandelion\8981659922_7b1be892e7_m.jpg,"a couple of yellow flowers, a type of dandelion"
dandelion\8981828144_4b66b4edb6_n.jpg,"a dany plant with a white flower in the middle of the picture, a type of dandelion"
dandelion\8989067485_aab399460b_n.jpg,"a dany dany plant with the sun shining through it, a type of dandelion"
dandelion\9010116368_2f51f1e086_n.jpg,"dandels in the garden, a type of dandelion"
dandelion\9011235009_58c7b244c1_n.jpg,"a dandely dandely dandely dandely dandely dandely dandel, a type of dandelion"
dandelion\9029297232_de50698e2f_n.jpg,"a dany dany plant with a green background, a type of dandelion"
dandelion\9029756865_db8891807a_n.jpg,"a dany dany plant with a single dany, a type of dandelion"
dandelion\9111669902_9471c3a49c_n.jpg,"a dany dany dany dany dany dany dany dany dany dany dany dany dany dan, a type of dandelion"
dandelion\9152356642_06ae73113f.jpg,"a bunch of dansies, a type of dandelion"
dandelion\9188647508_3b56e62f69.jpg,"a close up of a flower with water droplets, a type of dandelion"
dandelion\9200211647_be34ce978b.jpg,"a dandely flower with yellow flowers in the background, a type of dandelion"
dandelion\9262004825_710346cde9_n.jpg,"a close up of a dandela flower, a type of dandelion"
dandelion\9293460423_7fbb1e3c32_n.jpg,"a dany plant with a single dany flower, a type of dandelion"
dandelion\9300335851_cdf1cef7a9.jpg,"a dany dany dany dany dany dany dany dany dany dany dany dany dany dan, a type of dandelion"
dandelion\9301891790_971dcfb35d_m.jpg,"dandel dandel dandel dandel dandel dandel dandel dandel dandel dandel dan, a type of dandelion"
dandelion\9472854850_fc9e1db673.jpg,"a bee on a yellow flower, a type of dandelion"
dandelion\9517326597_5d116a0166.jpg,"a yellow flower, a type of dandelion"
dandelion\9533964635_f38e6fa3c3.jpg,"a dant with a small flower in the middle, a type of dandelion"
dandelion\9595369280_dd88b61814.jpg,"a dany plant with a small flower in the middle, a type of dandelion"
dandelion\9613826015_f345354874.jpg,"a dany plant with a flower in the background, a type of dandelion"
dandelion\9617087594_ec2a9b16f6.jpg,"a dany plant with white flowers, a type of dandelion"
dandelion\9646730031_f3d5014416_n.jpg,"a dany dany dany dany dany dany dany dany dany dany dany dany dany dan, a type of dandelion"
dandelion\9719816995_8f211abf02_n.jpg,"a dandely plant in the grass, a type of dandelion"
dandelion\9726260379_4e8ee66875_m.jpg,"a dany plant with a blue sky in the background, a type of dandelion"
dandelion\9759608055_9ab623d193.jpg,"a yellow flower, a type of dandelion"
dandelion\9853885425_4a82356f1d_m.jpg,"a dany flower, a type of dandelion"
dandelion\9939430464_5f5861ebab.jpg,"a black and white photo of a dandel, a type of dandelion"
dandelion\9965757055_ff01b5ee6f_n.jpg,"a yellow flower sitting on a rock, a type of dandelion"
rose\10090824183_d02c613f10_m.jpg,"a white flower, a type of rose"
rose\10503217854_e66a804309.jpg,"a bunch of red roses, a type of rose"
rose\10894627425_ec76bbc757_n.jpg,"a bunch of flowers, a type of rose"
rose\11102341464_508d558dfc_n.jpg,"a path with red flowers and a tree, a type of rose"
rose\11233672494_d8bf0a3dbf_n.jpg,"a black background, a type of rose"
rose\11694025703_9a906fedc1_n.jpg,"a float in the street, a type of rose"
rose\11944957684_2cc806276e.jpg,"a bunch of pink roses, a type of rose"
rose\12045735155_42547ce4e9_n.jpg,"a group of people in blue hats and black pants, a type of rose"
rose\12165480946_c4a3fe182d_n.jpg,"a group of people riding horses down a street, a type of rose"
rose\12202373204_34fb07205b.jpg,"a bunch of roses, a type of rose"
rose\12238827553_cf427bfd51_n.jpg,"a vase of yellow roses sits on a table, a type of rose"
rose\12240165555_98625b1e88_n.jpg,"a red flower pot, a type of rose"
rose\12240577184_b0de0e53ea_n.jpg,"a bunch of flowers, a type of rose"
rose\12243068283_ee4c2683e2_n.jpg,"a vase of yellow roses on a white table, a type of rose"
rose\12243069253_e512464095_n.jpg,"a vase of yellow flowers sits on a table, a type of rose"
rose\12323085443_8ac0cdb713_n.jpg,"a parade with a horse and carriage, a type of rose"
rose\12338444334_72fcc2fc58_m.jpg,"a red rose, a type of rose"
rose\12395698413_c0388278f7.jpg,"a bunch of red flowers, a type of rose"
rose\12406229175_82e2ac649c_n.jpg,"a picture of two roses, a type of rose"
rose\12406418663_af20dc225f_n.jpg,"a brick wall, a type of rose"
rose\12407768513_3440238148_n.jpg,"a painting of pink roses in a window, a type of rose"
rose\12434194695_a7c4e73c6b_n.jpg,"a painting of pink roses in a vase, a type of rose"
rose\12450781274_eb78723921.jpg,"a train on the tracks, a type of rose"
rose\12562723334_a2e0a9e3c8_n.jpg,"a bunch of flowers, a type of rose"
rose\12572786553_634868f7f2_n.jpg,"a pink flower in water, a type of rose"
rose\13231224664_4af5293a37.jpg,"a single orange rose, a type of rose"
rose\13235124703_a7e1266e44.jpg,"a white house with a red roof and a red door, a type of rose"
rose\13264214185_d6aa79b3bd.jpg,"a bunch of roses, a type of rose"
rose\13279526615_a3b0059bec.jpg,"a vase of orange roses, a type of rose"
rose\13342823005_16d3df58df_n.jpg,"a vase of flowers on a black background, a type of rose"
rose\13929462317_96342a9a44.jpg,"a white rose surrounded by pink flowers, a type of rose"
rose\13979889721_42a59ca9fa_m.jpg,"a purple flower with water droplets on it, a type of rose"
rose\14001990976_bd2da42dbc.jpg,"a glass table with a vase of flowers on it, a type of rose"
rose\14019883858_e5d2a0ec10_n.jpg,"a bunch of roses, a type of rose"
rose\14107161906_5737e0e4ec.jpg,"a rose with a reflection in the middle, a type of rose"
rose\14145188939_b4de638bd3_n.jpg,"a yellow rose in a vase on a table, a type of rose"
rose\14154164774_3b39d36778.jpg,"a vase of pink roses, a type of rose"
rose\14166797345_d2ab9da518.jpg,"a vase filled with red roses and baby ' s breath, a type of rose"
rose\14172324538_2147808483_n.jpg,"a vase of orange roses, a type of rose"
rose\14176042519_5792b37555.jpg,"a white flower with yellow centers, a type of rose"
rose\14221192676_eb8c89a7d6_n.jpg,"a bouquet of flowers, a type of rose"
rose\14267691818_301aceda07.jpg,"white flowers in the sun, a type of rose"
rose\14312910041_b747240d56_n.jpg,"a garden with white roses and a gaze, a type of rose"
rose\14381787252_e8e12e277a_n.jpg,"red and white tulips, a type of rose"
rose\14408977935_a397e796b8_m.jpg,"a bush of roses, a type of rose"
rose\14414100710_753a36fce9.jpg,"a close up of a flower with a black background, a type of rose"
rose\14414117598_cf70df30de.jpg,"a pink flower with water droplets on it, a type of rose"
rose\14414123198_24606fb32d.jpg,"a close up of a flower with a water drop, a type of rose"
rose\14494590921_3bb1dc7b88_n.jpg,"a bunch of pink roses in a garden, a type of rose"
rose\14510185271_b5d75dd98e_n.jpg,"a pink rose, a type of rose"
rose\14573732424_1bb91e2e42_n.jpg,"a pink flower in the dark, a type of rose"
rose\14597445311_8acb60247e.jpg,"a flower in a vase, a type of rose"
rose\14683774134_6367640585.jpg,"a red rose, a type of rose"
rose\14687731322_5613f76353.jpg,"a pink rose, a type of rose"
rose\14747962886_2bff6bb323_m.jpg,"a white rose with green leaves on it, a type of rose"
rose\14810868100_87eb739f26_m.jpg,"a painting of two red roses on a white background, a type of rose"
rose\14880561916_79aeb812fd_n.jpg,"a black and white photo of a flower, a type of rose"
rose\14943194730_f48b4d4547_n.jpg,"a bunch of red roses, a type of rose"
rose\14970973709_968910640e_n.jpg,"a pink rose, a type of rose"
rose\14982802401_a3dfb22afb.jpg,"a pink flower with a green bug on it, a type of rose"
rose\14993880427_95d0f27257.jpg,"a flower in a pot, a type of rose"
rose\15011625580_7974c44bce.jpg,"a red rose in a garden, a type of rose"
rose\15032112248_30c5284e54_n.jpg,"a red rose bush, a type of rose"
rose\15060816740_68e1b2c31b.jpg,"a close up of a rose with water droplets, a type of rose"
rose\15061894841_e5aca59ecd_n.jpg,"a pink flower is growing in a palm tree, a type of rose"
rose\15094168139_8f636ffa1d_n.jpg,"a red rose in a garden, a type of rose"
rose\15104537437_f6730b38c3_n.jpg,"two red roses in a black frame, a type of rose"
rose\15172358234_28706749a5.jpg,"a picture of a person holding a flower, a type of rose"
rose\15174615529_144ae28bdb_n.jpg,"a picture frame with flowers and hearts, a type of rose"
rose\15184419268_7230e9728e.jpg,"a single yellow rose on a white surface, a type of rose"
rose\15186434972_e353da940a.jpg,"a white table, a type of rose"
rose\15190665092_5c1c37a066_m.jpg,"a rose with water droplets on it, a type of rose"
rose\15202632426_d88efb321a_n.jpg,"a red rose with a green stem, a type of rose"
rose\15222804561_0fde5eb4ae_n.jpg,"a picture of two roses with a black background, a type of rose"
rose\15236835789_6009b8f33d.jpg,"a bouquet of pink and white roses, a type of rose"
rose\15255964274_cf2ecdf702.jpg,"a vase filled with colorful flowers on a wooden table, a type of rose"
rose\15255964454_0a64eb67fa.jpg,"three glass bell jars with flowers inside, a type of rose"
rose\15274443248_76b9f3eb24.jpg,"a pink flower in a garden, a type of rose"
rose\15277801151_5ed88f40f0_n.jpg,"a pink rose in a pot, a type of rose"
rose\15312360171_57bde98799_n.jpg,"a cat sitting on a table with flowers in a vase, a type of rose"
rose\15319767030_e6c5602a77_m.jpg,"a white cake with a rose on top, a type of rose"
rose\15333843782_060cef3030.jpg,"a red rose laying on the ground, a type of rose"
rose\15419696882_9394168a10_n.jpg,"a palm tree on the beach, a type of rose"
rose\15424480096_45bb574b33.jpg,"a vase of orange roses, a type of rose"
rose\15498482197_8878cdfb07_n.jpg,"a red rose, a type of rose"
rose\15509799653_0562d4a4fa.jpg,"a pink rose with water droplets on it, a type of rose"
rose\15537825851_a80b6321d7_n.jpg,"a close up of a mushroom on a tree, a type of rose"
rose\15566697073_9a214b700e_n.jpg,"a woman in a purple dress, a type of rose"
rose\15602874619_03fd934bed.jpg,"a statue of an angel, a type of rose"
rose\15674450867_0ced942941_n.jpg,"a bunch of pink roses, a type of rose"
rose\15681454551_b6f73ce443_n.jpg,"a pink flower with a green stem, a type of rose"
rose\15697872479_ed48e9dd73_n.jpg,"a vase with a yellow rose on it, a type of rose"
rose\15699509054_d3e125286f_n.jpg,"a pink rose in the middle of a garden, a type of rose"
rose\15712574834_2f121c7cf9_m.jpg,"a book with a bunch of roses on it, a type of rose"
rose\15738649506_2b4c2fd933_m.jpg,"a close up of a flower with a red background, a type of rose"
rose\15750320284_22ef21c682.jpg,"a group of people marching down a street, a type of rose"
rose\15761264350_4caaf080f6_m.jpg,"a vase of red and white flowers, a type of rose"
rose\15802657001_40fe77c030_m.jpg,"a pink rose, a type of rose"
rose\15820572326_be2ea4a55c_n.jpg,"a bunch of pink roses, a type of rose"
rose\15821959372_518b9dcf57_n.jpg,"a bunch of pink roses, a type of rose"
rose\15822837396_96b392fda8_m.jpg,"a woman holding a basket of flowers, a type of rose"
rose\15859434664_67bf3ef29f.jpg,"a white flower, a type of rose"
rose\15901230359_1819e96b89_n.jpg,"a vase with a christmas wreath on it, a type of rose"
rose\15922772266_1167a06620.jpg,"a vase filled with red and white flowers, a type of rose"
rose\15949087094_a8f565295c_m.jpg,"a painting of a red rose on a white background, a type of rose"
rose\15951588433_c0713cbfc6_m.jpg,"a card with roses and a label for a flower shop, a type of rose"
rose\15965652160_de91389965_m.jpg,"a pink rose in the middle of a garden, a type of rose"
rose\15977362155_461030c196_m.jpg,"a vase of flowers, a type of rose"
rose\15999816377_4b95e0b538_n.jpg,"a man riding a horse down a street, a type of rose"
rose\16018886851_c32746cb72.jpg,"a bunch of red roses, a type of rose"
rose\16051111039_0f0626a241_n.jpg,"a vase of flowers and a candle on a table, a type of rose"
rose\16078501836_3ac067e18a.jpg,"a bunch of white flowers, a type of rose"
rose\16100313047_c2e23cbb3d_n.jpg,"a float with a float in the middle of a city, a type of rose"
rose\16149016979_23ef42b642_m.jpg,"a bunch of roses on a table, a type of rose"
rose\16152175716_55d6968e08_n.jpg,"a red flowered tree, a type of rose"
rose\16152205512_9d6cb80fb6.jpg,"a bunch of pink roses, a type of rose"
rose\16155980245_6ab8d7b888.jpg,"a red rose in a garden, a type of rose"
rose\16157873719_bf0bdf8558_n.jpg,"a yellow rose in a vase on a table, a type of rose"
rose\16209331331_343c899d38.jpg,"a yellow car with a bunch of flowers on it, a type of rose"
rose\16229215579_e7dd808e9c.jpg,"a bunch of pink roses, a type of rose"
rose\16258946661_f9739cdc0a.jpg,"a group of people standing around a flower display, a type of rose"
rose\16316557109_7fc55c1cbc_m.jpg,"a vintage flower shop sign with flowers, a type of rose"
rose\16334786972_1b3e71cab8_m.jpg,"a book with pictures of flowers and plants, a type of rose"
rose\16339359979_6d742660b8_n.jpg,"a bouquet of flowers, a type of rose"
rose\16374919860_4e445de29f_n.jpg,"a vase of roses sitting on a window sie, a type of rose"
rose\16424992340_c1d9eb72b4.jpg,"a boat is out on the water in the ocean, a type of rose"
rose\16449467833_d82aac5749_m.jpg,"the cover of the book, the story of the great war, a type of rose"
rose\16476788181_0e2ffc719a.jpg,"a close up of a pink flower, a type of rose"
rose\16484100863_979beacb08.jpg,"a large plant in a pot, a type of rose"
rose\16525204061_9b47be3726_m.jpg,"a vase of red roses, a type of rose"
rose\16545641666_2781e542a0_m.jpg,"a painting of red roses on a white background, a type of rose"
rose\16552686350_db8db55cd2.jpg,"a vase of flowers, a type of rose"
rose\16643944275_3cd4cd966c.jpg,"a white rose with green leaves in the background, a type of rose"
rose\16666836810_216f50e9c3_m.jpg,"a book with a rose on it, a type of rose"
rose\16670921315_0fc48d7ab2_n.jpg,"a vase of roses, a type of rose"
rose\16691277899_9433f39155_n.jpg,"a dog is standing on the snow with a frun, a type of rose"
rose\16772483324_09f24813a1_n.jpg,"a large bush of roses, a type of rose"
rose\16903172207_2cd7aca66a.jpg,"a vase filled with pink and purple flowers, a type of rose"
rose\16961613890_695b36aab2_m.jpg,"a vintage postcard with pink roses in a vase, a type of rose"
rose\17040847367_b54d05bf52.jpg,"a field of pink flowers, a type of rose"
rose\17051448596_69348f7fce_m.jpg,"a book with a bunch of roses on it, a type of rose"
rose\17062080069_36ac7907d2_n.jpg,"a pink rose in a garden, a type of rose"
rose\17077876795_6dd1b03f54_m.jpg,"a picture of a pink rose with a picture of a man, a type of rose"
rose\17090993740_fcc8b60b81.jpg,"a yellow rose, a type of rose"
rose\17158274118_00ec99a23c.jpg,"a vase filled with pink roses on a table, a type of rose"
rose\17165596357_392a12391f.jpg,"a pink flower with a white center, a type of rose"
rose\17302463621_d82be11f01_n.jpg,"a black fence, a type of rose"
rose\17305246720_1866d6303b.jpg,"pink flowers in the garden, a type of rose"
rose\17449165090_dfb27af360_n.jpg,"a red rose with white petals, a type of rose"
rose\17554868955_35f48516cd_m.jpg,"a bush of pink flowers, a type of rose"
rose\17700322054_1c4fdaa034_m.jpg,"a statue of a woman, a type of rose"
rose\17702388233_f29dc14834_m.jpg,"a statue of a baby holding a teddy, a type of rose"
rose\17953368844_be3d18cf30_m.jpg,"the ceiling of the navel of the navel, a type of rose"
rose\17990320484_93bba345d2_m.jpg,"a pink rose in a pot, a type of rose"
rose\18220342690_f1c20134bd.jpg,"a bush of pink flowers growing on a fence, a type of rose"
rose\18376177250_86060cbdc9.jpg,"a bunch of pink roses in a garden, a type of rose"
rose\18389368680_91c24a2087_z.jpg,"a yellow rose, a type of rose"
rose\18563353954_b761d97155_m.jpg,"a red rose in front of a large house, a type of rose"
rose\18584002386_cec0df537d_n.jpg,"a pink rose in a garden, a type of rose"
rose\18599603859_f2ec616ddf_n.jpg,"a bunch of roses, a type of rose"
rose\18741313803_1bbf842fc6_n.jpg,"a woman standing in a garden with red roses, a type of rose"
rose\18760363474_a707331322_n.jpg,"a vase with flowers on a table, a type of rose"
rose\18990187093_09f2bff8fc_m.jpg,"a vase of flowers, a type of rose"
rose\19153732586_9de58c8f53_n.jpg,"a pink rose bush in a pot, a type of rose"
rose\19271410704_932d1f2c97_n.jpg,"a person holding a flower in their hand, a type of rose"
rose\19440805164_920b28da61_n.jpg,"a red rose, a type of rose"
rose\19566556880_476c66c5ee_n.jpg,"a chair with a flower on it, a type of rose"
rose\19823402005_2db025dd66_m.jpg,"a bunch of pink and red roses, a type of rose"
rose\19919867648_043cf02fc3.jpg,"a woman holding a flower in her hands, a type of rose"
rose\19988406792_68201f76e3_n.jpg,"a bouquet of flowers on a white background, a type of rose"
rose\20409866779_ac473f55e0_m.jpg,"a red rose, a type of rose"
rose\20596941736_f2c5f496cf.jpg,"a bunch of red roses, a type of rose"
rose\20622485918_90fc000c86_n.jpg,"a flower in a vase with a blur background, a type of rose"
rose\20825078671_90b0389c70_m.jpg,"a single rose with water droplets on it, a type of rose"
rose\21346056089_e6f8074e5f_m.jpg,"a red rose with water droplets on it, a type of rose"
rose\21347496068_f4d3339607.jpg,"a close up of a flower with a blue background, a type of rose"
rose\21413573151_e681c6a97a.jpg,"a small flower with a green stem, a type of rose"
rose\21522100663_455b77a90c_n.jpg,"a bunch of roses, a type of rose"
rose\22093190909_77223e6f53_n.jpg,"a couple of pink roses in a garden, a type of rose"
rose\22325299158_6e32e599f8_m.jpg,"a red rose, a type of rose"
rose\22385375599_1faf334f5d_n.jpg,"a red rose with water droplets on it, a type of rose"
rose\22506717337_0fd63e53e9.jpg,"a heart shaped arrangement of flowers on a brick wall, a type of rose"
rose\22982871191_ec61e36939_n.jpg,"a bunch of orange roses, a type of rose"
rose\23232710191_cc57620cd5.jpg,"a bunch of orange roses, a type of rose"
rose\23891005905_17ce9e6936.jpg,"red roses wallpapers wallpapers, a type of rose"
rose\3145692843_d46ba4703c.jpg,"a woman holding a bunch of flowers in her hands, a type of rose"
rose\3171577977_8608282f04_m.jpg,"a flower in the fore of a blurry background, a type of rose"
rose\3179751458_9646d839f6_n.jpg,"a single rose with water droplets on it, a type of rose"
rose\3203779656_3580151ea4_m.jpg,"a pink rose, a type of rose"
rose\3208417632_19138d8e35_n.jpg,"a bunch of pink flowers, a type of rose"
rose\3231873181_faf2da6382.jpg,"a table with a bunch of flowers and a vase, a type of rose"
rose\3236806990_a90c7bb520_m.jpg,"a bouquet of flowers, a type of rose"
rose\3253243865_435c1f2c2b_m.jpg,"a heart made of flowers, a type of rose"
rose\3264570182_c7ded528ba_m.jpg,"a bouquet of roses, a type of rose"
rose\3265902330_d8b1e44545.jpg,"a white dog with angel wings on it ' s head, a type of rose"
rose\3268459296_a7346c6b2c.jpg,"red roses, a type of rose"
rose\3276552939_8c31b22d3e.jpg,"a rose with water droplets, a type of rose"
rose\3278709893_ba4956a572_n.jpg,"a vase of red roses with water droplets, a type of rose"
rose\3292434691_392071d702_n.jpg,"a bouquet of roses, a type of rose"
rose\3292654244_4a220ab96f_m.jpg,"a vase with flowers in it sitting on a table, a type of rose"
rose\3315973481_850d2253e9_n.jpg,"a black and white photo of a bouquet of flowers, a type of rose"
rose\3407482427_49d5c75291_m.jpg,"a single red rose, a type of rose"
rose\3412874275_ca78ee024d_m.jpg,"a red flower on a white wall, a type of rose"
rose\3415176946_248afe9f32.jpg,"a vase of flowers, a type of rose"
rose\3422228549_f147d6e642.jpg,"a bunch of flowers, a type of rose"
rose\3450344423_63ba3190e3.jpg,"a bunch of pink roses in a vase, a type of rose"
rose\3451177763_729a4d54af_n.jpg,"a yellow rose with a red center, a type of rose"
rose\3465443774_6b0c75a3b1_n.jpg,"a red rose in a garden, a type of rose"
rose\3475572132_01ae28e834_n.jpg,"a red rose in a garden, a type of rose"
rose\3494252600_29f26e3ff0_n.jpg,"a white hat with red flowers on top, a type of rose"
rose\3500121696_5b6a69effb_n.jpg,"a pink rose with a green bush in the background, a type of rose"
rose\3526860692_4c551191b1_m.jpg,"a vase with white roses in it, a type of rose"
rose\3550491463_3eb092054c_m.jpg,"a bunch of blue roses, a type of rose"
rose\3554620445_082dd0bec4_n.jpg,"a pink flower on a yellow background, a type of rose"
rose\3556123230_936bf084a5_n.jpg,"a white rose in the rain, a type of rose"
rose\3560426426_1c66cb8330.jpg,"a white flower, a type of rose"
rose\3576488381_611f3446e0_n.jpg,"a vase filled with pink roses on a table, a type of rose"
rose\3621011057_0d03bd171b_n.jpg,"a bunch of pink and orange roses, a type of rose"
rose\3624546109_8eb98f0cdb.jpg,"a bouquet of white roses, a type of rose"
rose\3630246240_4fee9a33db.jpg,"a bunch of red roses with water droplets, a type of rose"
rose\3634244527_e72c47842c_n.jpg,"a red flower, a type of rose"
rose\3654988152_b11178bbcb.jpg,"a bouquet of pink roses in a vase, a type of rose"
rose\3655527028_0fab2b547d_n.jpg,"a white shelf with a bunch of flowers on it, a type of rose"
rose\3661675690_ed2d05fa5f_n.jpg,"a pink rose with a green background, a type of rose"
rose\3663244576_97f595cf4a.jpg,"a red rose in a glass vase, a type of rose"
rose\3664842094_5fd60ee26b.jpg,"a bouquet of roses, a type of rose"
rose\3667366832_7a8017c528_n.jpg,"a pink rose flower, a type of rose"
rose\3697780051_83e50a6dd1_m.jpg,"a bunch of white roses, a type of rose"
rose\3705716290_cb7d803130_n.jpg,"a bunch of yellow roses, a type of rose"
rose\3713368809_eba7fa2fbf_m.jpg,"a group of men in medieval costumes, a type of rose"
rose\3742155164_14b557a51c_n.jpg,"a bunch of red roses, a type of rose"
rose\3742168238_d961937e68_n.jpg,"a bunch of orange roses, a type of rose"
rose\3751835302_d5a03f55e8_n.jpg,"a red rose flower, a type of rose"
rose\3753920123_c7ebc18ee3.jpg,"a red rose, a type of rose"
rose\3829990289_c0c3821e4d_m.jpg,"a cake with a pot of flowers on top, a type of rose"
rose\3871586333_5a708d5cf4_n.jpg,"a pink flower in a vase, a type of rose"
rose\3872230296_6c477309f3_n.jpg,"a vase of white roses, a type of rose"
rose\3873271620_1d9d314f01_n.jpg,"a table with a white table cloth and red roses, a type of rose"
rose\3903276582_fe05bf84c7_n.jpg,"a red rose, a type of rose"
rose\3909587261_f8cd3e7fe7.jpg,"a clear vase with white roses, a type of rose"
rose\3921794817_276eb4386b.jpg,"a bedroom with a bed and a tv, a type of rose"
rose\3948347096_42261f047a_m.jpg,"a table with a vase of flowers and a glass of champagne, a type of rose"
rose\3971662839_5cb2963b20_n.jpg,"a large red flower bush, a type of rose"
rose\3997609936_8db20b7141_n.jpg,"a pink rose in a pot, a type of rose"
rose\4061451210_1650590c6a.jpg,"a bunch of orange roses, a type of rose"
rose\4065283966_9504b98269.jpg,"a black and white rose with water droplets, a type of rose"
rose\4093390305_4010c736c9.jpg,"a pink rose, a type of rose"
rose\4231745228_ece86330d9.jpg,"a bunch of roses, a type of rose"
rose\4242976586_607a8f9843_n.jpg,"a bunch of pink roses, a type of rose"
rose\4243078361_7b92a932cd_n.jpg,"a group of people in costume dancing in a street, a type of rose"
rose\4248222578_b4d5868b32.jpg,"a marching band, a type of rose"
rose\4256169180_55df2048a0.jpg,"a woman in a blue shirt, a type of rose"
rose\4267024012_295e7141a3_n.jpg,"a vase of flowers on a table in a room, a type of rose"
rose\4279989256_9a48c0d194_n.jpg,"a vase of yellow flowers, a type of rose"
rose\4279990882_031482f8b6_n.jpg,"a vase of yellow roses sits on a table, a type of rose"
rose\4292443009_3a2831b0b9_m.jpg,"a woman riding a horse, a type of rose"
rose\4325834819_ab56661dcc_m.jpg,"a white rose in a vase, a type of rose"
rose\4356781875_92c5cd93c0.jpg,"a red rose, a type of rose"
rose\4360743371_6238b36d8c_m.jpg,"a vase with yellow roses and a bird, a type of rose"
rose\4363734507_5cc4ed6e01.jpg,"a rose with water droplets on it, a type of rose"
rose\4396642388_3081a38875_n.jpg,"a pink flower on a white vase, a type of rose"
rose\4413509121_a62879598a.jpg,"a vase of flowers, a type of rose"
rose\4414135084_1ac7e6cd54.jpg,"a vase with three white roses in it, a type of rose"
rose\4495885281_fe2a3b671d.jpg,"a pink rose, a type of rose"
rose\4503599544_3822e7d1be.jpg,"a yellow rose, a type of rose"
rose\4504220673_af754fcb40_n.jpg,"a red rose with a white center, a type of rose"
rose\4504731519_9a260b6607_n.jpg,"a vase of red roses and a cup of coffee, a type of rose"
rose\4505921907_21c8002fde.jpg,"a close up of a pink rose, a type of rose"
rose\4553266758_09d4dbdac9_n.jpg,"a bunch of pink roses in a garden, a type of rose"
rose\4558025386_2c47314528.jpg,"a vase of flowers, a type of rose"
rose\4575042086_7674b76297_n.jpg,"a collage of flowers and a cake, a type of rose"
rose\4588034197_e300b0872a_n.jpg,"a table with a bunch of flowers in a vase, a type of rose"
rose\4608559939_3487bf3b62_n.jpg,"a white rose on a black background, a type of rose"
rose\4609166128_b7ed49b40b_m.jpg,"a white rose on a black background, a type of rose"
rose\4609168052_3d4e1d3804_n.jpg,"a white rose on a black background, a type of rose"
rose\4625089819_55c45a189c.jpg,"a close up of a pink and white rose, a type of rose"
rose\4644336779_acd973528c.jpg,"a vase of orange roses, a type of rose"
rose\4648680921_80dfc4f12a.jpg,"a bunch of pink roses, a type of rose"
rose\4654893119_45d232016b.jpg,"a close up of a pink rose flower, a type of rose"
rose\4675532860_890504a4a3_m.jpg,"a display of soaps with flowers and candles, a type of rose"
rose\4684127262_6c3346188d.jpg,"a red rose, a type of rose"
rose\4694341873_65fe187a4e_n.jpg,"a bunch of pink roses, a type of rose"
rose\4702438868_278b9cf41c_n.jpg,"a close up of a flower with a butterfly, a type of rose"
rose\4713531680_1110a2fa07_n.jpg,"a garden with flowers and a stone wall, a type of rose"
rose\4713533500_fcc295de70_n.jpg,"a bush of pink roses, a type of rose"
rose\4723876257_d87b781986.jpg,"a living room with a couch and a chair, a type of rose"
rose\4724951744_61877ec101_n.jpg,"a bride holding a bouquet of white flowers, a type of rose"
rose\4731069260_b270f47803_n.jpg,"a girl sitting in a flower garden, a type of rose"
rose\4735314389_94fe1b2a9f_n.jpg,"a bouquet of white roses, a type of rose"
rose\4754734410_94d98463a5.jpg,"a red rose, a type of rose"
rose\4764674741_82b8f93359_n.jpg,"a yellow rose in the middle of a garden, a type of rose"
rose\4765063233_f64440c20b.jpg,"a pink rose, a type of rose"
rose\4797595918_79887b1229_n.jpg,"a pink rose bush, a type of rose"
rose\4804011140_7defedf4b7_m.jpg,"a cake in a box, a type of rose"
rose\4809566219_88f9a1aea3.jpg,"a painting of two pink roses, a type of rose"
rose\4860145119_b1c3cbaa4e_n.jpg,"a picture of two orange roses, a type of rose"
rose\4881402397_1c664af2f7_n.jpg,"a rainbow colored rose in the dark, a type of rose"
rose\4900231976_f8ced2b42a_n.jpg,"a yellow rose in a garden, a type of rose"
rose\4910094611_8c7170fc95_n.jpg,"a pink rose with water droplets on it, a type of rose"
rose\4918137796_21f0922b0c_n.jpg,"a bunch of orange and yellow roses, a type of rose"
rose\4921988677_e2eb0c9a24_m.jpg,"a pink rose, a type of rose"
rose\4951581805_b049304f1b_n.jpg,"a bunch of red roses, a type of rose"
rose\4979895172_ca06eba616.jpg,"a white rose, a type of rose"
rose\4998708839_c53ee536a8_n.jpg,"two pink roses, a type of rose"
rose\5050969148_a0090f762a.jpg,"a flower with a white center, a type of rose"
rose\5060519573_c628547e20_n.jpg,"a yellow rose with water droplets on it, a type of rose"
rose\5060536705_b370a5c543_n.jpg,"a vase of flowers with a red rose in it, a type of rose"
rose\5061135742_2870a7b691_n.jpg,"a yellow rose with water droplets on it, a type of rose"
rose\5073473370_bdbb5a99fc.jpg,"a flower with a bug on it, a type of rose"
rose\5083072098_81587295d5.jpg,"a cup with a rose pattern, a type of rose"
rose\5086249859_d066b37b8a_m.jpg,"a pink flower on a branch, a type of rose"
rose\5088766459_f81f50e57d_n.jpg,"a green hat with pink roses, a type of rose"
rose\5089363428_2c5a1272ea.jpg,"a bouquet of pink and white flowers, a type of rose"
rose\5148639829_781eb7d346.jpg,"a painting on the wall of a room with a bench, a type of rose"
rose\5156037859_1673720a11_m.jpg,"a rose in black and white, a type of rose"
rose\5159317458_bbb22e2f65_n.jpg,"a couple of pink roses sitting on a table, a type of rose"
rose\5172171681_5934378f08.jpg,"a bride holding a bouquet of purple roses, a type of rose"
rose\5180896559_b8cfefc21e.jpg,"a white house with a red door, a type of rose"
rose\5181899042_0a6ffe0c8a_n.jpg,"a white and black photo of a building, a type of rose"
rose\5182167964_9d1a0be0b8_n.jpg,"a pink flower in front of a building, a type of rose"
rose\5193918046_d44e4fcd75_m.jpg,"a table with a christmas tree and candles, a type of rose"
rose\5206847130_ee4bf0e4de_n.jpg,"a large bouquet of pink roses, a type of rose"
rose\5212877807_a3ddf06a7c_n.jpg,"a pink flower with a black center, a type of rose"
rose\5212885371_fe27c406a2_n.jpg,"a vase filled with flowers on a table, a type of rose"
rose\5223191368_01aedb6547_n.jpg,"a white flower in front of a brick building, a type of rose"
rose\5231103167_a03280e9f6_n.jpg,"a pink rose in front of a building, a type of rose"
rose\5234278003_d827fcd73b_m.jpg,"a vase of flowers, a type of rose"
rose\5249439791_196b4e7fc7.jpg,"a pink flower, a type of rose"
rose\5249566718_6109630c83_m.jpg,"a pink rose in a garden, a type of rose"
rose\5273722065_c85d8543c2_m.jpg,"a pink flower in a field, a type of rose"
rose\5292988046_a10f4b0365_n.jpg,"a yellow rose is in the middle of a black background, a type of rose"
rose\5332550500_ab341aefd8.jpg,"a float with a float in the middle, a type of rose"
rose\5333437251_ce0aa6925d_n.jpg,"a bunch of red roses, a type of rose"
rose\5360769702_ec28c53b9e_n.jpg,"a vase filled with pink roses on a table, a type of rose"
rose\5398569540_7d134c42cb_n.jpg,"a vase of flowers sitting on a window sie, a type of rose"
rose\5398974188_799753449c.jpg,"a vase of flowers, a type of rose"
rose\5402157745_a384f0583d_n.jpg,"a vase of red roses, a type of rose"
rose\5419629292_2f06e4b295.jpg,"a bride holding a bouquet of red roses, a type of rose"
rose\5487945052_bcb8e9fc8b_m.jpg,"a vase of roses, a type of rose"
rose\5492988531_574cdc2bf0_n.jpg,"a pink rose with water droplets on it, a type of rose"
rose\5497730366_44d758d8f5.jpg,"a vase of flowers, a type of rose"
rose\5526964611_76ef13025c_n.jpg,"a vase of flowers, a type of rose"
rose\5529341024_0c35f2657d.jpg,"a vase of flowers, a type of rose"
rose\5537794501_a0767743fd_n.jpg,"a pink flower with a black background, a type of rose"
rose\5570018782_c56bee942f.jpg,"a bunch of red roses with the words 500007, a type of rose"
rose\5578760521_e54aca6bed_n.jpg,"a yellow rose with a gold ring on it, a type of rose"
rose\5578766623_542c91dfaa_n.jpg,"a white rose and a pearl necklace, a type of rose"
rose\5602220566_5cdde8fa6c_n.jpg,"a cup and saucer with a rose pattern on it, a type of rose"
rose\5628552852_60bbe8d9b0_n.jpg,"a brick building, a type of rose"
rose\5717319579_190e85c7d1_m.jpg,"a bunch of pink roses on a black background, a type of rose"
rose\5721768347_2ec4d2247b_n.jpg,"a bouquet of roses, a type of rose"
rose\5731750490_ba3325b7ee_n.jpg,"a yellow rose in a pot, a type of rose"
rose\5736328472_8f25e6f6e7.jpg,"a red rose, a type of rose"
rose\5777669976_a205f61e5b.jpg,"a bunch of red and pink flowers, a type of rose"
rose\5799616059_0ffda02e54.jpg,"a pink rose bush, a type of rose"
rose\5835539224_75967fc400_m.jpg,"a bush of pink roses, a type of rose"
rose\5840476802_dfa40deb1f_m.jpg,"a branch of a tree, a type of rose"
rose\5863698305_04a4277401_n.jpg,"a red flower on a wooden stick, a type of rose"
rose\5892908233_6756199a43.jpg,"a bride and groom kissing on a bridge, a type of rose"
rose\5897035797_e67bf68124_n.jpg,"a butterfly on a pink flower, a type of rose"
rose\5960270643_1b8a94822e_m.jpg,"a col of a cat and a rose, a type of rose"
rose\5961803532_9368212949_m.jpg,"a col of different flowers, a type of rose"
rose\5979193298_639e877248.jpg,"a bunch of red roses, a type of rose"
rose\5990626258_697f007308_n.jpg,"a pot of flowers, a type of rose"
rose\6016195304_75306bb79a.jpg,"a bush of pink flowers, a type of rose"
rose\6036837996_7fbdcdb3c5_n.jpg,"a white rose with a rainbow colored background, a type of rose"
rose\6039330368_c30ed224c4_m.jpg,"a bunch of roses with leaves on them, a type of rose"
rose\6053143173_991c011b23.jpg,"a vase filled with pink roses and baby ' s breath, a type of rose"
rose\6069602140_866eecf7c2_m.jpg,"a woman with a tattoo on her thigh, a type of rose"
rose\6105809987_8f3d7a8d67_n.jpg,"a white box with a pink rose on it, a type of rose"
rose\6108118824_5b0231a56d.jpg,"a vase of pink roses, a type of rose"
rose\6111589202_8b9555364c_m.jpg,"a pink flower with green leaves, a type of rose"
rose\6125332325_b768e08bd9_n.jpg,"a vase of pink roses on a table, a type of rose"
rose\6158504080_b844a9ae05.jpg,"a white flower with water droplets, a type of rose"
rose\6163179241_f093f45d95_n.jpg,"a rose and a butterfly are reflected in the water, a type of rose"
rose\6209630964_e8de48fe04_m.jpg,"a red rose, a type of rose"
rose\6231418894_7946a7712b_n.jpg,"a pink background with many small flowers, a type of rose"
rose\6241886381_cc722785af.jpg,"a blue table, a type of rose"
rose\6255593451_b8a3aa8f7a_m.jpg,"a vase of red roses, a type of rose"
rose\6280787884_141cd7b382_n.jpg,"two roses in a vase on a black background, a type of rose"
rose\6309548569_932fee8313_m.jpg,"a vase with a flower in it, a type of rose"
rose\6347846687_3f0a7c3176.jpg,"a rose with a rainbow colored center, a type of rose"
rose\6347846935_51e3dc2481_n.jpg,"a picture of a rose, a type of rose"
rose\6347847065_83cf87333b_n.jpg,"a red flower with water droplets on it, a type of rose"
rose\6363951285_a802238d4e.jpg,"a vase of flowers, a type of rose"
rose\6363976189_e7155e5f9c.jpg,"a vase of roses, a type of rose"
rose\6409000675_6eb6806e59.jpg,"a vase of flowers, a type of rose"
rose\6473543547_4fefdbd5dc.jpg,"a white flower with green leaves in the background, a type of rose"
rose\6570546331_ffb9dab0bf_n.jpg,"a cup of tea with a pink tint, a type of rose"
rose\6653567281_768a1fd160.jpg,"a vase of pink roses, a type of rose"
rose\6655078437_759fd626fd_n.jpg,"a vase with flowers, a type of rose"
rose\6676529655_9672b6f955_m.jpg,"a picture of a vase of flowers, a type of rose"
rose\6687138903_ff6ae12758_n.jpg,"a yellow rose in a pot, a type of rose"
rose\6690926183_afedba9f15_n.jpg,"a woman in a dress is standing on a stage, a type of rose"
rose\6732261031_861a1026fa_n.jpg,"a yellow rose with a white background, a type of rose"
rose\6783408274_974796e92f.jpg,"a woman holding a bouquet, a type of rose"
rose\6803363808_9f9ce98186_m.jpg,"a bunch of red roses laying on the snow, a type of rose"
rose\6864417932_36fa4ceecf_n.jpg,"a picture of a rose in a garden, a type of rose"
rose\6867597533_d65d1c39fb_n.jpg,"a pink rose in a garden, a type of rose"
rose\6879112993_5a29208438_n.jpg,"a vase filled with red roses and baby ' s breath, a type of rose"
rose\6936225976_a91b60d8c2_m.jpg,"a bunch of flowers, a type of rose"
rose\6950609394_c53b8c6ac0_m.jpg,"a pink rose with a black border, a type of rose"
rose\6969041818_a505baa68e_m.jpg,"a bouquet of roses in black and white, a type of rose"
rose\7147367479_f7a6ef0798.jpg,"a close up of a pink rose flower, a type of rose"
rose\7186509956_c37c02fb43_n.jpg,"a vase of flowers, a type of rose"
rose\7187035716_5d0fb95c31_n.jpg,"a pink rose in a garden, a type of rose"
rose\7211616670_2d49ecb3a5_m.jpg,"a cake with a pink bow, a type of rose"
rose\7251352826_69b62cba2c_m.jpg,"a yellow rose, a type of rose"
rose\7285188160_49d84b95a3_m.jpg,"a red rose, a type of rose"
rose\7302931078_30054c1970_n.jpg,"a garden with lots of flowers and plants, a type of rose"
rose\7304710956_015b41f802_m.jpg,"a flower in a pot, a type of rose"
rose\7316409504_7cf3707f8a_m.jpg,"a fence with flowers growing on it, a type of rose"
rose\7345657862_689366e79a.jpg,"a yellow rose, a type of rose"
rose\7376471712_e1be793f94.jpg,"a red rose with water droplets, a type of rose"
rose\7376473742_532364cee5_n.jpg,"a red rose with water droplets on it, a type of rose"
rose\7409458444_0bfc9a0682_n.jpg,"a pink rose in the garden, a type of rose"
rose\7419966772_d6c1c22a81.jpg,"a house in the background, a type of rose"
rose\7420699022_60fa574524_m.jpg,"a pink rose in a garden, a type of rose"
rose\7455236056_b6d71a8dab.jpg,"a bunch of red roses, a type of rose"
rose\7502389724_85b4a6c855_n.jpg,"a black bench with a pink rose on it, a type of rose"
rose\7525783408_0999483bf4_m.jpg,"a bunch of flowers, a type of rose"
rose\7551637034_55ae047756_n.jpg,"a yellow rose with a green border, a type of rose"
rose\7683456068_02644b8382_m.jpg,"a white vase with flowers on a table, a type of rose"
rose\7820626638_3e2d712303.jpg,"a bouquet of flowers, a type of rose"
rose\7865295712_bcc94d120c.jpg,"a clear blue sky, a type of rose"
rose\8032328803_30afac8b07_m.jpg,"a red rose flower, a type of rose"
rose\8035908422_87220425d2_n.jpg,"a heart made of flowers, a type of rose"
rose\8035910225_125beceb98_n.jpg,"a large bouquet of colorful roses, a type of rose"
rose\8036594516_69a7da5f73_m.jpg,"a flower in a vase with a red background, a type of rose"
rose\8050213579_48e1e7109f.jpg,"a pink rose with green leaves in the background, a type of rose"
rose\8060338380_eb6c806624_n.jpg,"a red rose with water droplets on it, a type of rose"
rose\8063462557_e0a8bd6c64_n.jpg,"a red rose with hearts floating in the air, a type of rose"
rose\8096324039_4db2555490.jpg,"a bouquet of flowers, a type of rose"
rose\8125886145_ae99f91fd0.jpg,"a red rose with water droplets, a type of rose"
rose\8181940917_1ac63937d5_n.jpg,"a group of white roses, a type of rose"
rose\8209458141_38f38be65c_m.jpg,"a single white rose on a brown background, a type of rose"
rose\8241471746_5d81fdd3c0_n.jpg,"a white bird cage, a type of rose"
rose\8337607102_d9e0fa887e.jpg,"a float in the street, a type of rose"
rose\8388497874_1fe750cc95_m.jpg,"a bunch of pink roses in a vase, a type of rose"
rose\8394286483_69fe04cc7f.jpg,"a red rose with a green stem, a type of rose"
rose\8437935944_aab997560a_n.jpg,"a white rose with water droplets on it, a type of rose"
rose\8442304572_2fdc9c7547_n.jpg,"a vase of flowers sits on a table, a type of rose"
rose\8462246855_1bdfee7478.jpg,"a white hum hum hum hum hum hum hum hum hum hum hum hum hum hum hum hum hum hum hum hum hum hum hum hum hum hum hum hum, a type of rose"
rose\8502529435_c6e40d0df4.jpg,"a bunch of white roses, a type of rose"
rose\8516036987_8a06dfe1b5_n.jpg,"a single red rose with yellow petals, a type of rose"
rose\8523394349_61b31fdd8f_m.jpg,"a white sheet with a yellow rose on it, a type of rose"
rose\8524505546_b242bd4928_n.jpg,"a white basket with flowers and pearls, a type of rose"
rose\8524505682_bda885af3a_n.jpg,"a pink rose and purple flowers on a white background, a type of rose"
rose\8524505868_236f4c94b5.jpg,"a white lace tablecloth, a type of rose"
rose\8562144481_1d629848ff.jpg,"red rose with water drops, a type of rose"
rose\8590442797_07fa2141c0_n.jpg,"a red sign with a white logo, a type of rose"
rose\8622493424_877ae35ed7.jpg,"white flowers with yellow center, a type of rose"
rose\8642943283_47e44d049d_m.jpg,"a person holding a pink rose on a lace table cloth, a type of rose"
rose\8644003462_2272de26eb.jpg,"a close up of a flower on a lace, a type of rose"
rose\8667101118_87ea757b15.jpg,"a white dress with a flower on it, a type of rose"
rose\8667746487_781af9e615_n.jpg,"a bunch of yellow and pink roses, a type of rose"
rose\8671682526_7058143c99.jpg,"a close up of a pink rose with water droplets, a type of rose"
rose\8674140377_ae7b0be523.jpg,"pink flowers on a branch, a type of rose"
rose\8692040971_826614516f_n.jpg,"a white rose bush with yellow flowers, a type of rose"
rose\8692051081_dffa8709e7_m.jpg,"a bush of pink and yellow flowers, a type of rose"
rose\8723767157_c45bfd3ab6.jpg,"a bush of pink roses, a type of rose"
rose\8742493617_c2a9bf854f_m.jpg,"a bunch of red roses growing in a garden, a type of rose"
rose\8742493689_fb852f0228_n.jpg,"a bunch of roses, a type of rose"
rose\8747396730_966149e6fe_n.jpg,"a vase of white roses on a window sie, a type of rose"
rose\8775267816_726ddc6d92_n.jpg,"a pink flower with white center, a type of rose"
rose\8853083579_dd1dfa3188.jpg,"the sky is cloudy, a type of rose"
rose\8926641787_d2515dfe8f_m.jpg,"a bush of flowers, a type of rose"
rose\8949720453_66e8304c30.jpg,"a picture of a flower with a blur effect, a type of rose"
rose\8960904651_9a0b727258.jpg,"a red rose on a white background, a type of rose"
rose\8983268106_dc913d17d8_m.jpg,"a bush of yellow roses, a type of rose"
rose\8987479080_32ab912d10_n.jpg,"a pink rose in a garden, a type of rose"
rose\9159362388_c6f4cf3812_n.jpg,"a vase with pink flowers on a white table, a type of rose"
rose\9160289562_ab2718d19b.jpg,"pink flowers in a garden, a type of rose"
rose\9164900485_605aa12da8.jpg,"a pink rose is in the fore of a bush, a type of rose"
rose\9164924345_6b63637acf.jpg,"a white flower in a field, a type of rose"
rose\9167147034_0a66ee3616_n.jpg,"a white flower in a vase on a table, a type of rose"
rose\9216321995_83df405ea9.jpg,"a pink rose, a type of rose"
rose\9216323421_f737c1d50e.jpg,"a close up of a yellow rose, a type of rose"
rose\9216324117_5fa1e2bc25_n.jpg,"a flower in a vase, a type of rose"
rose\9298314004_c1a8146521.jpg,"a close up of a flower with water droplets, a type of rose"
rose\9300754115_dd79670066_n.jpg,"a woman is sitting in a garden with flowers, a type of rose"
rose\9309388105_12c0b8dd54_m.jpg,"a rose is in the fore of a building, a type of rose"
rose\9320934277_4fb95aef5d_n.jpg,"a white rose in a vase on a table, a type of rose"
rose\9337528427_3d09b7012b.jpg,"a yellow flower, a type of rose"
rose\9338237628_4d2547608c.jpg,"a pink rose with green leaves, a type of rose"
rose\9353111163_7a89b2df35_n.jpg,"a white rose in the dark, a type of rose"
rose\9355706808_a9a723a8e8_n.jpg,"a rose is in the middle of a picture, a type of rose"
rose\9369421752_db1ab2a6a4_m.jpg,"a cross with flowers in the fore, a type of rose"
rose\9404876600_04f6d37685.jpg,"a pink rose, a type of rose"
rose\9406573080_60eab9278e_n.jpg,"a woman in a colorful sari sari dancing, a type of rose"
rose\9423755543_edb35141a3_n.jpg,"a bunch of flowers, a type of rose"
rose\9433167170_fa056d3175.jpg,"a yellow rose with a black background, a type of rose"
rose\9458445402_79e4dfa89c.jpg,"a bunch of roses with water droplets on them, a type of rose"
rose\9609569441_eeb8566e94.jpg,"a vase of flowers on a table, a type of rose"
rose\9614492283_66020fb4eb_n.jpg,"a red rose, a type of rose"
rose\9633056561_6f1b7e8faf_m.jpg,"a garden with a fence and a bunch of flowers, a type of rose"
rose\9702378513_229a96b754_m.jpg,"a pink rose with water droplets on it, a type of rose"
sunflower\10386503264_e05387e1f7_m.jpg,"a sunflower with a blue sky in the background, a type of sunflower"
sunflower\10386522775_4f8c616999_m.jpg,"a picture of a tree with leaves and a yellow frame, a type of sunflower"
sunflower\10386525005_fd0b7d6c55_n.jpg,"a bee on a flower with a quote, a type of sunflower"
sunflower\10386525695_2c38fea555_n.jpg,"a sunflower with a bee on it ' s head, a type of sunflower"
sunflower\10386540106_1431e73086_m.jpg,"a yellow flower, a type of sunflower"
sunflower\10386540696_0a95ee53a8_n.jpg,"a sunflower with a bee on it, a type of sunflower"
sunflower\10386702973_e74a34c806_n.jpg,"a sunflower with a bee on it, a type of sunflower"
sunflower\10862313945_e8ed9202d9_m.jpg,"a vase of flowers, a type of sunflower"
sunflower\11881770944_22b4f2f8f6_n.jpg,"a sunflower in a field, a type of sunflower"
sunflower\12282924083_fb80aa17d4_n.jpg,"a vase of sunflowers, a type of sunflower"
sunflower\12471290635_1f9e3aae16_n.jpg,"a bunch of sunflowers, a type of sunflower"
sunflower\12471441503_d188b5f31a_m.jpg,"a yellow flower, a type of sunflower"
sunflower\12471443383_b71e7a7480_m.jpg,"a yellow flower, a type of sunflower"
sunflower\12471791574_bb1be83df4.jpg,"a sunflower in a field, a type of sunflower"
sunflower\13095941995_9a66faa713_n.jpg,"a sunflower with a bee on it, a type of sunflower"
sunflower\13096076565_72c2c60875_n.jpg,"a sunflower in a field, a type of sunflower"
sunflower\13117907313_86c99c6441.jpg,"a sunflower with a bee on it, a type of sunflower"
sunflower\13354458753_7b586f7c95_n.jpg,"a tree with many leaves, a type of sunflower"
sunflower\13648603305_1268eda8b7_n.jpg,"a picture of a vase with flowers in it, a type of sunflower"
sunflower\13959937305_2f5c532886_n.jpg,"sunflowers in a field, a type of sunflower"
sunflower\14121915990_4b76718077_m.jpg,"a tall sunflower plant, a type of sunflower"
sunflower\14144522269_bc20029375_m.jpg,"a clear blue sky, a type of sunflower"
sunflower\14244273988_a7484f18b7_m.jpg,"a field of sunflowers, a type of sunflower"
sunflower\14244410747_22691ece4a_n.jpg,"a field of sunflowers, a type of sunflower"
sunflower\14266917699_91b207888e.jpg,"a field of sunflowers, a type of sunflower"
sunflower\14348961225_09bd803317_n.jpg,"sunflowers in the field, a type of sunflower"
sunflower\14397276020_49f9423614.jpg,"a yellow flower, a type of sunflower"
sunflower\14460075029_5cd715bb72_m.jpg,"a sunflower in a field of sunflowers, a type of sunflower"
sunflower\14460081668_eda8795693_m.jpg,"sunflowers in a field, a type of sunflower"
sunflower\14472246629_72373111e6_m.jpg,"sunflowers in a field, a type of sunflower"
sunflower\14623719696_1bb7970208_n.jpg,"sunflowers in a field, a type of sunflower"
sunflower\14623720226_aeeac66e0a_n.jpg,"a field of sunflowers, a type of sunflower"
sunflower\14646279002_9cdf97be97_n.jpg,"sunflowers in a field, a type of sunflower"
sunflower\14646280372_dd50be16e4_n.jpg,"a field of sunflowers, a type of sunflower"
sunflower\14646281372_5f13794b47.jpg,"a field of sunflowers, a type of sunflower"
sunflower\14646282112_447cc7d1f9.jpg,"sunflowers in a field, a type of sunflower"
sunflower\14646283472_50a3ae1395.jpg,"sunflowers in the field, a type of sunflower"
sunflower\14678298676_6db8831ee6_m.jpg,"a yellow sunflower with a green stem, a type of sunflower"
sunflower\14698136411_23bdcff7bf_n.jpg,"a field of sunflowers, a type of sunflower"
sunflower\14741812319_e1d32ffb84_n.jpg,"a yellow frame, a type of sunflower"
sunflower\14741813010_5d44e33088_n.jpg,"a sunflower with a blue sky in the background, a type of sunflower"
sunflower\14741813110_94964c39e2_n.jpg,"a sunflower with a blue sky in the background, a type of sunflower"
sunflower\14741866338_bdc8bfc8d5_n.jpg,"a sunflower with a blue sky in the background, a type of sunflower"
sunflower\14741907467_fab96f3b2b_n.jpg,"a sunflower with a blue sky in the background, a type of sunflower"
sunflower\14814264272_4b39a102f9_n.jpg,"photograph - sunflowers at sunset by mike grist, a type of sunflower"
sunflower\14858674096_ed0fc1a130.jpg,"a field of sunflowers, a type of sunflower"
sunflower\14881304632_54a9dfb8be.jpg,"a field of sunflowers, a type of sunflower"
sunflower\14889392928_9742aed45b_m.jpg,"a sunflower plant in front of a building, a type of sunflower"
sunflower\14889779907_3d401bbac7_m.jpg,"a field of flowers, a type of sunflower"
sunflower\14901528533_ac1ce09063.jpg,"a field of sunflowers, a type of sunflower"
sunflower\14921668662_3ffc5b9db3_n.jpg,"a bee flies past a sunflower in the garden, a type of sunflower"
sunflower\14925397351_c7f209d804_n.jpg,"a sunflower with a blue sky background, a type of sunflower"
sunflower\14925397651_97dcddc383_n.jpg,"a sunflower with a blue sky in the background, a type of sunflower"
sunflower\14925397761_46ecfa24e0.jpg,"a sunflower in a field, a type of sunflower"
sunflower\14925398301_55a180f919_n.jpg,"a yellow flower with a blue sky in the background, a type of sunflower"
sunflower\14925398441_107f3e0304_n.jpg,"a sunflower with a blue sky in the background, a type of sunflower"
sunflower\14928117202_139d2142cc_n.jpg,"a sunflower with a blue sky in the background, a type of sunflower"
sunflower\14932787983_d6e05f2434_m.jpg,"a yellow flower, a type of sunflower"
sunflower\14955545254_324cd4ee75.jpg,"a bunch of yellow flowers, a type of sunflower"
sunflower\14969295739_c132a08663_n.jpg,"a field of sunflowers, a type of sunflower"
sunflower\15026703621_e15e9d55f0_n.jpg,"sunflowers in the field at sunset, a type of sunflower"
sunflower\15030133005_9728102622_z.jpg,"sunflowers fabric by the yard on spoonflowers com, a type of sunflower"
sunflower\15042911059_b6153d94e7_n.jpg,"a sunflower with a bee on it, a type of sunflower"
sunflower\15043962658_dcf9dff5e9_n.jpg,"a vase of flowers on a table, a type of sunflower"
sunflower\15054750690_198b6ab0f2_n.jpg,"a small flower is growing in the dirt, a type of sunflower"
sunflower\15054751430_5af76f6096_n.jpg,"a vase of sunflowers, a type of sunflower"
sunflower\15054752730_fcf54d475e_m.jpg,"a red truck, a type of sunflower"
sunflower\15054753070_4f6ae0e763_m.jpg,"a field of sunflowers, a type of sunflower"
sunflower\15054864058_2edca122a9_n.jpg,"a sunflower in front of a train, a type of sunflower"
sunflower\15054864508_0334b892be_m.jpg,"a sunflower in a field, a type of sunflower"
sunflower\15054865217_e398d0dc9f_n.jpg,"a sunflower in a field, a type of sunflower"
sunflower\15054865768_2cc87ac9d4_m.jpg,"a sunflower in a vase, a type of sunflower"
sunflower\15054866658_c1a6223403_m.jpg,"a sunflower in a field, a type of sunflower"
sunflower\15054866898_60ee50ec6b_n.jpg,"a sunflower in a field, a type of sunflower"
sunflower\15066430311_fb57fa92b0_m.jpg,"a sunflower plant in front of a building, a type of sunflower"
sunflower\15069459615_7e0fd61914_n.jpg,"a house with a sunflower garden in front, a type of sunflower"
sunflower\15072973261_73e2912ef2_n.jpg,"a house with a sunflower garden in front, a type of sunflower"
sunflower\15081164641_45a7b92b3a_m.jpg,"a bunch of sunflowers, a type of sunflower"
sunflower\15108515192_f686dce398_n.jpg,"a sunflower in a garden with a blue sky, a type of sunflower"
sunflower\15118243470_7e0a7f159c_n.jpg,"a vase of flowers, a type of sunflower"
sunflower\15118397087_bfb7ea70d5_n.jpg,"a vase of flowers, a type of sunflower"
sunflower\15122112402_cafa41934f.jpg,"a vase of flowers, a type of sunflower"
sunflower\15122871130_6a7d0b4372_n.jpg,"a field of sunflowers, a type of sunflower"
sunflower\15123604714_dd034a4a3b_n.jpg,"a field of sunflowers in the countryside, a type of sunflower"
sunflower\15191613243_82ee8e0fe8.jpg,"a field of flowers, a type of sunflower"
sunflower\15207507116_8b7f894508_m.jpg,"a vase of flowers on a table, a type of sunflower"
sunflower\15218421476_9d5f38e732_m.jpg,"a bunch of sunflowers, a type of sunflower"
sunflower\15218871222_c104032ca1.jpg,"a field of wildflowers, a type of sunflower"
sunflower\15238348741_c2fb12ecf2_m.jpg,"a yellow flower, a type of sunflower"
sunflower\15240466871_ec45b65554_m.jpg,"a yellow flower, a type of sunflower"
sunflower\15241052342_466b38b68d.jpg,"a field of sunflowers, a type of sunflower"
sunflower\15241431045_65201cf15a_n.jpg,"a field of green grass, a type of sunflower"
sunflower\15243175532_ac28c48e14_m.jpg,"a field of sunflowers, a type of sunflower"
sunflower\15266715291_dfa3f1d49f_n.jpg,"a vase with sunflowers in it, a type of sunflower"
sunflower\15380755137_a2e67839ab_m.jpg,"a field of sunflowers, a type of sunflower"
sunflower\15460162172_014bcce403.jpg,"a field of sunflowers, a type of sunflower"
sunflower\15472217046_2699b25584.jpg,"sunflowers in the dark, a type of sunflower"
sunflower\15493195788_60530f2398_m.jpg,"a fence with a bunch of sunflowers growing through it, a type of sunflower"
sunflower\15495578821_92c6d14252_n.jpg,"a sunflower in a garden with a house in the background, a type of sunflower"
sunflower\15495579081_661cb260d1_n.jpg,"a vase of sunflowers, a type of sunflower"
sunflower\15683877266_42e0fe3782_n.jpg,"a bunch of sunflowers, a type of sunflower"
sunflower\15745084272_36402f5ee6_n.jpg,"a vase of flowers sitting on a table, a type of sunflower"
sunflower\15839183375_49bf4f75e8_m.jpg,"a vase of sunflowers, a type of sunflower"
sunflower\15973657966_d6f6005539_n.jpg,"a bunch of yellow flowers in a vase, a type of sunflower"
sunflower\16143151468_4f3c033e33.jpg,"a sunflower in a field with a blue sky, a type of sunflower"
sunflower\16616096711_12375a0260_n.jpg,"a field of yellow flowers with a quote, a type of sunflower"
sunflower\16656015339_2ccb7cd18d.jpg,"a sunflower in a field of sunflowers, a type of sunflower"
sunflower\16832961488_5f7e70eb5e_n.jpg,"a yellow flower with a black border, a type of sunflower"
sunflower\16967372357_15b1b9a812_n.jpg,"a sunflower with a bee on it, a type of sunflower"
sunflower\16975010069_7afd290657_m.jpg,"sunflowers in a flower shop, a type of sunflower"
sunflower\16988605969_570329ff20_n.jpg,"a sunflower in a field of sunflowers, a type of sunflower"
sunflower\17148843706_df148301ac_n.jpg,"a sunflower with a bee on it, a type of sunflower"
sunflower\17433282043_441b0a07f4_n.jpg,"a bunch of yellow flowers, a type of sunflower"
sunflower\18097401209_910a46fae1_n.jpg,"a bunch of sunflowers, a type of sunflower"
sunflower\18237156988_9ceb46a8de_n.jpg,"black eyed susane flowers, a type of sunflower"
sunflower\18237215308_a158d49f28_n.jpg,"a bunch of yellow flowers, a type of sunflower"
sunflower\18250039435_7654bc11be_n.jpg,"a wooden post with a bunch of flowers growing on it, a type of sunflower"
sunflower\18766965343_9f42d4bedc_m.jpg,"a bunch of sunflowers, a type of sunflower"
sunflower\18828277053_1493158b28.jpg,"a bunch of sunflowers, a type of sunflower"
sunflower\18828283553_e46504ae38.jpg,"a bunch of sunflowers, a type of sunflower"
sunflower\18843967474_9cb552716b.jpg,"a woman in a field of sunflowers, a type of sunflower"
sunflower\18972803569_1a0634f398_m.jpg,"a bunch of sunflowers, a type of sunflower"
sunflower\19349582128_68a662075e_n.jpg,"a yellow flower with water droplets on it, a type of sunflower"
sunflower\19359539074_d7e32e6616_n.jpg,"a vase with a sunflower in it, a type of sunflower"
sunflower\19442589512_e733cfea0f.jpg,"a bunch of sunflowers, a type of sunflower"
sunflower\19453165201_2aa747e0bf.jpg,"a bunch of sunflowers, a type of sunflower"
sunflower\19504937128_a4ae90fcbd_m.jpg,"a sunflower with a bee on it, a type of sunflower"
sunflower\19508264965_d1dfb565ea_n.jpg,"a sunflower with a yellow frame and a yellow border, a type of sunflower"
sunflower\19519101829_46af0b4547_m.jpg,"a field of sunflowers, a type of sunflower"
sunflower\19595718862_c68896370c_m.jpg,"a yellow flower, a type of sunflower"
sunflower\19697910486_0086d893a2.jpg,"a field of sunflowers, a type of sunflower"
sunflower\19710076021_f5bb162540.jpg,"a sunflower with a quote on it, a type of sunflower"
sunflower\19710925313_31682fa22b_m.jpg,"a sunflower in a pot, a type of sunflower"
sunflower\19756232959_17cde3b9f0_m.jpg,"a field of sunflowers, a type of sunflower"
sunflower\19784656639_cd7f0a4a26_m.jpg,"a woman holding a bouquet of flowers, a type of sunflower"
sunflower\19915160340_ec904edbdf_n.jpg,"a yellow flower with green leaves and a green frame, a type of sunflower"
sunflower\20022771089_3cc7e5086d_m.jpg,"two vases with flowers in them, a type of sunflower"
sunflower\20078409301_aa8061bd0b_n.jpg,"a yellow flower with a quote on it, a type of sunflower"
sunflower\20148493928_9f75a99783.jpg,"a woman standing in a field of sunflowers, a type of sunflower"
sunflower\20156280765_a6baea3176.jpg,"a yellow sunflower with a green stem, a type of sunflower"
sunflower\20171662239_f69b6c12bd_n.jpg,"sunflowers in the field, a type of sunflower"
sunflower\20183028616_beb937e75c_m.jpg,"a fireball with a lot of circles around it, a type of sunflower"
sunflower\20183071136_c297e74fcc_m.jpg,"a sunflower in a vase, a type of sunflower"
sunflower\20258015499_93b9951800_m.jpg,"a yellow flower, a type of sunflower"
sunflower\20342824594_9740b7b160.jpg,"sunflowers in the sun, a type of sunflower"
sunflower\20344282483_05abb0b837.jpg,"the sunflower is yellow, a type of sunflower"
sunflower\20344366953_44fb51051b.jpg,"a sunflower with a blue sky background, a type of sunflower"
sunflower\20406385204_469f6749e2_n.jpg,"a small yellow flower, a type of sunflower"
sunflower\20407896403_a50fef58ac_n.jpg,"a sunflower in a field, a type of sunflower"
sunflower\20410533613_56da1cce7c.jpg,"a field of yellow flowers, a type of sunflower"
sunflower\20410697750_c43973d1eb.jpg,"a sunflower in a field of green grass, a type of sunflower"
sunflower\20481273479_d459834a3e_n.jpg,"a field of tall grass, a type of sunflower"
sunflower\20621698991_dcb323911d.jpg,"two girls walking through a field of sunflowers, a type of sunflower"
sunflower\20658775992_1619cd0a9b_n.jpg,"a field of sunflowers, a type of sunflower"
sunflower\20667988875_6e73ac2879_n.jpg,"a field of sunflowers, a type of sunflower"
sunflower\20704967595_a9c9b8d431.jpg,"sunflowers in a field, a type of sunflower"
sunflower\20753711039_0b11d24b50_n.jpg,"sunflowers in the field at sunset, a type of sunflower"
sunflower\20777358950_c63ea569a1.jpg,"a large tree with lots of sunflowers growing in it, a type of sunflower"
sunflower\20777375650_ef854bf645.jpg,"a bee on a sunflower, a type of sunflower"
sunflower\20871601265_daa4be4291_n.jpg,"sunflowers in the field, a type of sunflower"
sunflower\20905163782_312e2c3bda_n.jpg,"sunflowers in the field, a type of sunflower"
sunflower\20965412955_2c640b13bd.jpg,"a yellow flower, a type of sunflower"
sunflower\20972862281_5367f4af88.jpg,"a sunflower in the sun, a type of sunflower"
sunflower\20972866151_e6a928b00a.jpg,"a sunflower with a bee on it, a type of sunflower"
sunflower\21134000558_d7d6c9b1fe_n.jpg,"a sunflower in a field of flowers, a type of sunflower"
sunflower\21349789961_18ba1af5b7_n.jpg,"a car is parked in a field of sunflowers, a type of sunflower"
sunflower\21374127408_5ffbe87bb2.jpg,"a field of dead corn, a type of sunflower"
sunflower\21518663809_3d69f5b995_n.jpg,"a field of sunflowers, a type of sunflower"
sunflower\21728822928_9f6817325a_n.jpg,"a vase with a bunch of sunflowers in it, a type of sunflower"
sunflower\21796333524_38fc8e0ab5_n.jpg,"a field of yellow flowers, a type of sunflower"
sunflower\21821266773_7113d34c35_m.jpg,"a wooden bench, a type of sunflower"
sunflower\21984860006_20dfacea1c_m.jpg,"a yellow flower in a field, a type of sunflower"
sunflower\21995435890_e5672244a4_m.jpg,"a yellow flower, a type of sunflower"
sunflower\22183521655_56221bf2a4_n.jpg,"a yellow flower, a type of sunflower"
sunflower\22183529245_ce13557515_m.jpg,"a yellow flower, a type of sunflower"
sunflower\22203670478_9ec5c2700b_n.jpg,"a field of sunflowers, a type of sunflower"
sunflower\22255608949_172d7c8d22_m.jpg,"a bush of sunflowers, a type of sunflower"
sunflower\22405882322_d4561f8469_n.jpg,"a field of sunflowers in the sun, a type of sunflower"
sunflower\22405887122_75eda1872f_m.jpg,"a bunch of sunflowers, a type of sunflower"
sunflower\22416421196_caf131c9fa_m.jpg,"a yellow flower, a type of sunflower"
sunflower\22419079265_8902cddb7d_n.jpg,"a bunch of yellow flowers, a type of sunflower"
sunflower\22429146402_332fa2fc72_m.jpg,"a sunflower in the sky, a type of sunflower"
sunflower\22429946721_e17a12cb39_n.jpg,"black eyed susane flowers, a type of sunflower"
sunflower\22478719251_276cb094f9_n.jpg,"a vase of yellow flowers, a type of sunflower"
sunflower\22686342422_c0b9e2f38e.jpg,"a vase of flowers, a type of sunflower"
sunflower\22755811033_cd17b109e0.jpg,"a field of sunflowers in the city of san, a type of sunflower"
sunflower\22992257000_76dbc599e7_m.jpg,"a yellow flower, a type of sunflower"
sunflower\23204123212_ef32fbafbe.jpg,"a clear blue sky, a type of sunflower"
sunflower\23247483352_0defc7a6dc_n.jpg,"a yellow flower with green leaves on it, a type of sunflower"
sunflower\23286304156_3635f7de05.jpg,"a sunflower in a vase, a type of sunflower"
sunflower\23356825566_f5885875f2.jpg,"a field of sunflowers in the middle of a city, a type of sunflower"
sunflower\23645265812_24352ff6bf.jpg,"a yellow flower, a type of sunflower"
sunflower\23894449029_bf0f34d35d_n.jpg,"a yellow flower with a bee on it, a type of sunflower"
sunflower\4745991955_6804568ae0_n.jpg,"a flower with a green center, a type of sunflower"
sunflower\4746638094_f5336788a0_n.jpg,"a yellow flower with a bee on it, a type of sunflower"
sunflower\4746643626_02b2d056a2_n.jpg,"a close up of a plant with leaves, a type of sunflower"
sunflower\4746648726_e37a2de16d_n.jpg,"a small green plant, a type of sunflower"
sunflower\4746668678_0e2693b1b9_n.jpg,"a plant with yellow flowers, a type of sunflower"
sunflower\4755075329_1fccc69d4e.jpg,"a yellow flower, a type of sunflower"
sunflower\4755705724_976621a1e7.jpg,"a yellow flower, a type of sunflower"
sunflower\4804434999_bf2187e96a_n.jpg,"sunflowers in the garden, a type of sunflower"
sunflower\4805544785_a63241f6d0_n.jpg,"a field of sunflowers in the countryside, a type of sunflower"
sunflower\4806174512_e04475b766_n.jpg,"a field of sunflowers, a type of sunflower"
sunflower\4813483281_f3707a71e7_n.jpg,"a wooden bench with flowers on it, a type of sunflower"
sunflower\4814106562_7c3564d2d9_n.jpg,"a wooden bench with sunflowers on it, a type of sunflower"
sunflower\4816636411_0135bfe2c9_n.jpg,"a bunch of sunflowers, a type of sunflower"
sunflower\4818994715_9d90527d18_n.jpg,"photograph - yellow flowers by linda jones, a type of sunflower"
sunflower\4821232343_7e0bcfbfdf_n.jpg,"a vase with sunflowers, a type of sunflower"
sunflower\4831577091_f56157a5d5_n.jpg,"a field of sunflowers, a type of sunflower"
sunflower\4846786944_2832c5c8b8.jpg,"a field of sunflowers, a type of sunflower"
sunflower\4847062576_bae870479c_n.jpg,"a yellow flower, a type of sunflower"
sunflower\4848279231_c4960e28b2_n.jpg,"a sunflower in a field of sunflowers, a type of sunflower"
sunflower\4868595281_1e58083785.jpg,"a field of sunflowers, a type of sunflower"
sunflower\4869189730_f47c124cda_n.jpg,"sunflowers in a field, a type of sunflower"
sunflower\4871455214_8b5fb87ab6_n.jpg,"a field of sunflowers, a type of sunflower"
sunflower\4872284527_ff52128b97.jpg,"sunflowers in the fore, a type of sunflower"
sunflower\4872892690_52dc25b0b4.jpg,"sunflowers in a field, a type of sunflower"
sunflower\4877195645_791c3a83b9_m.jpg,"sunflowers in a field, a type of sunflower"
sunflower\4878447831_e904c60cf8_n.jpg,"a sunflower in a field of flowers, a type of sunflower"
sunflower\4890268276_563f40a193.jpg,"a sunflower in the sky, a type of sunflower"
sunflower\4893660821_eb7f02bef3_n.jpg,"a yellow flower, a type of sunflower"
sunflower\4895122831_83db2ba2d0_n.jpg,"a field of sunflowers, a type of sunflower"
sunflower\4895124535_11a2bb704c_m.jpg,"a field of sunflowers, a type of sunflower"
sunflower\4895718876_0246882882_n.jpg,"a bee on a sunflower, a type of sunflower"
sunflower\4895719476_bd3b6bd6fd_n.jpg,"a sunflower with a bee on it, a type of sunflower"
sunflower\4895720722_8247f2015b_n.jpg,"a field of sunflowers, a type of sunflower"
sunflower\4895721242_89014e723c_n.jpg,"a yellow sunflower with a green background, a type of sunflower"
sunflower\4895721788_f10208ab77_n.jpg,"a field of sunflowers, a type of sunflower"
sunflower\4914793782_d0ea760791.jpg,"a bunch of sunflowers, a type of sunflower"
sunflower\4927658421_7eed83bc95_m.jpg,"a bird wearing a hat, a type of sunflower"
sunflower\4932143849_018486cbf7.jpg,"a field of sunflowers, a type of sunflower"
sunflower\4932144003_cbffc89bf0.jpg,"a field of sunflowers, a type of sunflower"
sunflower\4932735362_6e1017140f.jpg,"a field of sunflowers, a type of sunflower"
sunflower\4932735566_2327bf319a.jpg,"a field of sunflowers, a type of sunflower"
sunflower\4932736136_0115955987.jpg,"sunflowers in a field, a type of sunflower"
sunflower\4932736308_827012cff2.jpg,"sunflowers in a field, a type of sunflower"
sunflower\4933228903_9ae82d0b9d.jpg,"a woman in a field of sunflowers, a type of sunflower"
sunflower\4933229095_f7e4218b28.jpg,"a woman in a field of sunflowers, a type of sunflower"
sunflower\4933229197_ff75a40d55.jpg,"a woman in a field of sunflowers, a type of sunflower"
sunflower\4933229357_1c5cc03f65_m.jpg,"sunflowers in a field, a type of sunflower"
sunflower\4933229479_c1708bd503.jpg,"a woman standing in a field of flowers, a type of sunflower"
sunflower\4933229561_881d4673e7_m.jpg,"a woman standing in a field of sunflowers, a type of sunflower"
sunflower\4933229889_c5d9e36392.jpg,"a woman standing in a field of sunflowers, a type of sunflower"
sunflower\4933230161_12f3ee7587.jpg,"a woman standing in a field of sunflowers, a type of sunflower"
sunflower\4933230247_a0432f01da.jpg,"a woman in a field of sunflowers, a type of sunflower"
sunflower\4933230395_7930697335_m.jpg,"a woman standing in a field of sunflowers, a type of sunflower"
sunflower\4933230547_394f618009_m.jpg,"a woman standing in a field of sunflowers, a type of sunflower"
sunflower\4933230991_d50c0f7c66.jpg,"a woman standing in a field of sunflowers, a type of sunflower"
sunflower\4933821940_38064522a8.jpg,"a woman standing in a field of sunflowers, a type of sunflower"
sunflower\4933822052_2dfef02517.jpg,"a woman standing in a field of sunflowers, a type of sunflower"
sunflower\4933822272_79af205b94.jpg,"a woman in a field of sunflowers, a type of sunflower"
sunflower\4933822422_4f54fc7cc8.jpg,"a woman standing in a field of sunflowers, a type of sunflower"
sunflower\4933823194_33f6e32c5a.jpg,"a woman standing in a field of sunflowers, a type of sunflower"
sunflower\4933823300_39fd4420b6.jpg,"a woman standing in a field of sunflowers, a type of sunflower"
sunflower\4933823922_911ac40b0d.jpg,"a woman standing in a field of sunflowers, a type of sunflower"
sunflower\4933824012_8cbfe606f6.jpg,"a woman standing in a field of sunflowers, a type of sunflower"
sunflower\4933824130_b99839a80d.jpg,"a woman standing in a field of sunflowers, a type of sunflower"
sunflower\4940287066_385afd9c18_m.jpg,"a bunch of sunflowers, a type of sunflower"
sunflower\4942258704_c4146b710a_n.jpg,"a sunflower in a field of flowers, a type of sunflower"
sunflower\4977385375_e271e282f9.jpg,"the sun is shining, a type of sunflower"
sunflower\4980406384_791774d953.jpg,"a white bowl with sunflowers, a type of sunflower"
sunflower\4989952542_35f2cdd5e2_n.jpg,"a white vase filled with sunflowers, a type of sunflower"
sunflower\5004121118_e9393e60d0_n.jpg,"a bunch of sunflowers, a type of sunflower"
sunflower\5007598545_90e08e81c1_n.jpg,"a field of sunflowers, a type of sunflower"
sunflower\5015462205_440898fe41_n.jpg,"a field of sunflowers, a type of sunflower"
sunflower\5018120483_cc0421b176_m.jpg,"a field of sunflowers, a type of sunflower"
sunflower\5020805135_1219d7523d.jpg,"sunflowers in a field, a type of sunflower"
sunflower\5020805619_6c710793f7.jpg,"sunflowers in a field, a type of sunflower"
sunflower\5025805406_033cb03475_n.jpg,"a sunflower in a vase with a blue sky background, a type of sunflower"
sunflower\5027895361_ace3b731e5_n.jpg,"a market with a variety of fruits and vegetables, a type of sunflower"
sunflower\5028817729_f04d32bac8_n.jpg,"a picture of sunflowers in a field, a type of sunflower"
sunflower\5032376020_2ed312306c.jpg,"a yellow flower, a type of sunflower"
sunflower\5037531593_e2daf4c7f1.jpg,"two women in a field of sunflowers, a type of sunflower"
sunflower\5037790727_57c527494f.jpg,"a field of sunflowers, a type of sunflower"
sunflower\5042785753_392cc4e74d_n.jpg,"sunflowers in the field at sunset, a type of sunflower"
sunflower\5043404000_9bc16cb7e5_m.jpg,"a woman walking through a field of sunflowers, a type of sunflower"
sunflower\5043409092_5b12cc985a_m.jpg,"sunflowers in a field, a type of sunflower"
sunflower\5043409856_395300dbe5_m.jpg,"a field of sunflowers, a type of sunflower"
sunflower\5067864967_19928ca94c_m.jpg,"a table with a bunch of sunflowers and pumpkins, a type of sunflower"
sunflower\5069564563_ae03792c3c_m.jpg,"a man taking a picture of a sunflower, a type of sunflower"
sunflower\5076821914_c21b58fd4c_m.jpg,"a sunflower in a pot, a type of sunflower"
sunflower\5139969631_743880e01d_n.jpg,"a sunflower with a blue sky in the background, a type of sunflower"
sunflower\5139969871_c9046bdaa7_n.jpg,"a sunflower with a blue sky in the background, a type of sunflower"
sunflower\5139971615_434ff8ed8b_n.jpg,"a sunflower with a bee on it, a type of sunflower"
sunflower\5139977283_530c508603_n.jpg,"a sunflower in a field, a type of sunflower"
sunflower\5139977423_d413b23fde_m.jpg,"a sunflower with a blue sky in the background, a type of sunflower"
sunflower\5139977579_ea2dd6a322_m.jpg,"a sunflower with a blue sky in the background, a type of sunflower"
sunflower\5223643767_d8beb7e410.jpg,"a field of flowers, a type of sunflower"
sunflower\5231868667_f0baa71feb_n.jpg,"a sunflower in a field with a blue sky background, a type of sunflower"
sunflower\5293283002_9b17f085f7_m.jpg,"a sunflower plant in a pot, a type of sunflower"
sunflower\5330608174_b49f7a4c48_m.jpg,"a field of sunflowers, a type of sunflower"
sunflower\5339004958_a0a6f385fd_m.jpg,"a stone wall, a type of sunflower"
sunflower\5357144886_b78f4782eb.jpg,"a bunch of sunflowers, a type of sunflower"
sunflower\5437996076_cf7e2ac32e_n.jpg,"a woman standing in a kitchen with a vase of sunflowers, a type of sunflower"
sunflower\5492906452_80943bfd04.jpg,"a black fence, a type of sunflower"
sunflower\5526324308_b333da0e57_n.jpg,"a blackboard with a yellow pole, a type of sunflower"
sunflower\5556633113_0a04f5ed8a_n.jpg,"a yellow flower is in the fore of a blur of leaves, a type of sunflower"
sunflower\5738580862_e128192f75.jpg,"a field of sunflowers, a type of sunflower"
sunflower\5830614551_e460a1215c.jpg,"a vase of flowers, a type of sunflower"
sunflower\5896354497_6a19162741.jpg,"a sunflower with a bee, a type of sunflower"
sunflower\5917253022_4e3142d48b_n.jpg,"a bunch of flowers, a type of sunflower"
sunflower\5923085671_f81dd1cf6f.jpg,"sunflowers in a field, a type of sunflower"
sunflower\5923085891_27617463fe.jpg,"sunflowers in a field, a type of sunflower"
sunflower\5923649444_a823e534e9.jpg,"a sunflower in a field, a type of sunflower"
sunflower\5927432662_3ffd2461c2_n.jpg,"a field of sunflowers, a type of sunflower"
sunflower\5951665793_8ae4807cbd_n.jpg,"a sunflower in the fore of a blue sky, a type of sunflower"
sunflower\5952223760_85972671d6_n.jpg,"a field of sunflowers, a type of sunflower"
sunflower\5955475577_3d923874d9_n.jpg,"sunflowers in a field, a type of sunflower"
sunflower\5955500463_6c08cb199e.jpg,"sunflowers in the field, a type of sunflower"
sunflower\5955501969_e42f038a6f_n.jpg,"sunflowers in a field, a type of sunflower"
sunflower\5957007921_62333981d2_n.jpg,"a bee on a yellow flower, a type of sunflower"
sunflower\5966729883_67f4fede93.jpg,"a field of sunflowers, a type of sunflower"
sunflower\5967283168_90dd4daf28_n.jpg,"a field of sunflowers, a type of sunflower"
sunflower\5967284308_85714d8cf7_m.jpg,"a field of sunflowers, a type of sunflower"
sunflower\5970300143_36b42437de_n.jpg,"a brick wall, a type of sunflower"
sunflower\5970301989_fe3a68aac8_m.jpg,"a yellow flower in a garden next to a brick wall, a type of sunflower"
sunflower\5970868068_fe1c8b282e_n.jpg,"a red flower in a garden, a type of sunflower"
sunflower\5970869550_d7d9fabebd_n.jpg,"a field of sunflowers, a type of sunflower"
sunflower\5973935729_2868f2db1f_n.jpg,"a sunflower in a vase on a table, a type of sunflower"
sunflower\5979111025_3bcae48ae6_n.jpg,"a sunflower in a pot in a garden, a type of sunflower"
sunflower\5979111199_495884b578_n.jpg,"a sunflower with a bee on it, a type of sunflower"
sunflower\5979111555_61b400c070_n.jpg,"a sunflower with a bee on it ' s head, a type of sunflower"
sunflower\5979668702_fdaec9e164_n.jpg,"a wooden table with a bunch of sunflowers in it, a type of sunflower"
sunflower\5979669004_d9736206c9_n.jpg,"a yellow sunflower with a bee on it, a type of sunflower"
sunflower\5994569021_749d5e2da3_n.jpg,"a field of sunflowers, a type of sunflower"
sunflower\5994572653_ea98afa3af_n.jpg,"a yellow flower, a type of sunflower"
sunflower\5994586159_1dd99d66b4_n.jpg,"a yellow flower in a garden, a type of sunflower"
sunflower\5995136822_8e1eed76f5_n.jpg,"a yellow flower in a field, a type of sunflower"
sunflower\5998488415_a6bacd9f83.jpg,"a field of sunflowers, a type of sunflower"
sunflower\5999024446_5721493894.jpg,"a field of sunflowers, a type of sunflower"
sunflower\6042014768_b57f0bfc79_n.jpg,"a fence with a bunch of sunflowers, a type of sunflower"
sunflower\6050020905_881295ac72_n.jpg,"a bunch of sunflowers, a type of sunflower"
sunflower\6053739964_a1d9ab3ed1_n.jpg,"a bird is perched on a sunflower, a type of sunflower"
sunflower\6061175433_95fdb12f32_n.jpg,"sunflowers in the field, a type of sunflower"
sunflower\6061177447_d8ce96aee0.jpg,"a field of sunflowers, a type of sunflower"
sunflower\6074427492_1b5bab7848_n.jpg,"a bird is perched on a sunflower, a type of sunflower"
sunflower\6080086410_17a02dcfb8.jpg,"a field of sunflowers, a type of sunflower"
sunflower\6104713425_8a3277e34a.jpg,"a yellow flower, a type of sunflower"
sunflower\6112510436_9fe06e695a_n.jpg,"a bunch of sunflowers, a type of sunflower"
sunflower\6116210027_61923f4b64.jpg,"a field of sunflowers, a type of sunflower"
sunflower\6122711533_2c219f0392_n.jpg,"a vase of flowers, a type of sunflower"
sunflower\6125761554_4e72819ce4_m.jpg,"a field of sunflowers, a type of sunflower"
sunflower\6133988570_9dc778e622_m.jpg,"a sunflower on a black cloth, a type of sunflower"
sunflower\6140661443_bb48344226.jpg,"a field of sunflowers, a type of sunflower"
sunflower\6140693467_211a135b6d.jpg,"a field of sunflowers, a type of sunflower"
sunflower\6140808687_88df0fd733.jpg,"a field of sunflowers, a type of sunflower"
sunflower\6140892289_92805cc590.jpg,"a field of sunflowers, a type of sunflower"
sunflower\6141150299_b46a64e4de.jpg,"sunflowers in a field, a type of sunflower"
sunflower\6141199476_9b6d383fd9.jpg,"sunflowers in a field, a type of sunflower"
sunflower\6145005439_ef6e07f9c6_n.jpg,"a field of sunflowers, a type of sunflower"
sunflower\6166888942_7058198713_m.jpg,"a basket of sunflowers, a type of sunflower"
sunflower\6198569425_e953b9e6cc_m.jpg,"a greenhouse with sunflowers growing in pots, a type of sunflower"
sunflower\6198569587_23c3693328_m.jpg,"a table with a bunch of sunflowers in it, a type of sunflower"
sunflower\6199086734_b7ddc65816_m.jpg,"a sunflower in a greenhouse, a type of sunflower"
sunflower\6204049536_1ac4f09232_n.jpg,"sunflowers in a field, a type of sunflower"
sunflower\6239758929_50e5e5a476_m.jpg,"a vase of sunflowers on a table, a type of sunflower"
sunflower\6250692311_cb60c85ee9_n.jpg,"a table with a pot of flowers on it, a type of sunflower"
sunflower\6265084065_7a8b30cc6e_n.jpg,"a vase of flowers, a type of sunflower"
sunflower\6482016425_d8fab362f6.jpg,"a yellow flower, a type of sunflower"
sunflower\6482016439_b0d06dac04.jpg,"a yellow flower, a type of sunflower"
sunflower\6495554833_86eb8faa8e_n.jpg,"sunflowers by david stitt, a type of sunflower"
sunflower\6495559397_61d01c0c57.jpg,"a bunch of sunflowers, a type of sunflower"
sunflower\6606741847_f0198d83ff.jpg,"a large field of sunflowers, a type of sunflower"
sunflower\6606743797_c90c669757.jpg,"a bee on a sunflower, a type of sunflower"
sunflower\6606746467_a668c8d417.jpg,"a field of sunflowers, a type of sunflower"
sunflower\6606749757_b98a4ba403.jpg,"a field of sunflowers, a type of sunflower"
sunflower\6606753075_72ee32aa30_m.jpg,"a field of sunflowers, a type of sunflower"
sunflower\6606806621_5267acdd38.jpg,"a field of sunflowers, a type of sunflower"
sunflower\6606809995_edee55b770_m.jpg,"sunflowers in the field, a type of sunflower"
sunflower\6606813305_c992231d29_m.jpg,"a field of sunflowers, a type of sunflower"
sunflower\6606815161_3c4372760f.jpg,"a sunflower in the middle of a field, a type of sunflower"
sunflower\6606817351_10f6e43a09.jpg,"a sunflower with a bee on it, a type of sunflower"
sunflower\6606820461_952c450f90_n.jpg,"a sunflower in a field, a type of sunflower"
sunflower\6606823367_e89dc52a95_n.jpg,"a field of sunflowers, a type of sunflower"
sunflower\6627521877_6e43fb3c49_m.jpg,"a sunflower in a garden, a type of sunflower"
sunflower\6866250080_ae80df0cd5_m.jpg,"a painting of sunflowers in a vase, a type of sunflower"
sunflower\6908789145_814d448bb1_n.jpg,"a trash can be seen in the picture, a type of sunflower"
sunflower\6958724008_12259943a7.jpg,"sunflowers in a vase, a type of sunflower"
sunflower\7012364067_5ffc7654c9_m.jpg,"painting - sunflowers by nancy magma, a type of sunflower"
sunflower\7012366081_019c8a17a4_m.jpg,"a painting of sunflowers in a field, a type of sunflower"
sunflower\7176723954_e41618edc1_n.jpg,"a sunflower in a field of sunflowers, a type of sunflower"
sunflower\7176729016_d73ff2211e.jpg,"a blue tent, a type of sunflower"
sunflower\7176729812_7c053921fb_m.jpg,"a baby is sitting in a sunflower field, a type of sunflower"
sunflower\7176736574_14446539cb_n.jpg,"a field of sunflowers, a type of sunflower"
sunflower\7270375648_79f0caef42_n.jpg,"a man riding a skateboard down a ramp, a type of sunflower"
sunflower\7369484298_332f69bd88_n.jpg,"a yellow flower in a field, a type of sunflower"
sunflower\7510240282_87554c7418_n.jpg,"a sunflower in a field of sunflowers, a type of sunflower"
sunflower\7510262868_cf7d6f6f25_n.jpg,"a bee on a sunflower, a type of sunflower"
sunflower\7510285306_ba8f80c382_n.jpg,"sunflowers in a field, a type of sunflower"
sunflower\7530313068_ddd2dc1f44_m.jpg,"a woman laying on a couch with a flower in her hair, a type of sunflower"
sunflower\7581713708_8eae6794f2.jpg,"a field of sunflowers, a type of sunflower"
sunflower\7586498522_4dcab1c8d2_m.jpg,"a house with sunflowers in front of it, a type of sunflower"
sunflower\7603036176_9e8967cd21.jpg,"a yellow sunflower, a type of sunflower"
sunflower\7652532108_01ef94c476.jpg,"a bunch of sunflowers, a type of sunflower"
sunflower\7654774598_6b715a8d3e.jpg,"sunflowers in a field, a type of sunflower"
sunflower\7721658400_0dec46d225.jpg,"a bunch of yellow flowers, a type of sunflower"
sunflower\7728953426_abd179ab63.jpg,"sunflowers in the sky, a type of sunflower"
sunflower\7791014076_07a897cb85_n.jpg,"a sunflower in a field, a type of sunflower"
sunflower\7804213238_1d92ae5edb_m.jpg,"a sunflower in the fore of a blue sky, a type of sunflower"
sunflower\7820305664_82148f3bfb_n.jpg,"a bunch of sunflowers, a type of sunflower"
sunflower\7820398908_4316bbba45.jpg,"a sunflower in a field, a type of sunflower"
sunflower\7820523050_76c8caa025.jpg,"a yellow flower with blue flowers in the background, a type of sunflower"
sunflower\7820626738_3be6a52e4e_n.jpg,"a black and white photo of sunflowers in a vase, a type of sunflower"
sunflower\7857605684_fc86440c23.jpg,"a vase of flowers, a type of sunflower"
sunflower\7935826214_9b57628203_m.jpg,"a field of sunflowers, a type of sunflower"
sunflower\8014734302_65c6e83bb4_m.jpg,"a field of sunflowers, a type of sunflower"
sunflower\8014735546_3db46bb1fe_n.jpg,"a field of sunflowers, a type of sunflower"
sunflower\8021568040_f891223c44_n.jpg,"a bunch of sunflowers, a type of sunflower"
sunflower\8038712786_5bdeed3c7f_m.jpg,"a sunflower in a field, a type of sunflower"
sunflower\8041242566_752def876e_n.jpg,"a large bush of sunflowers, a type of sunflower"
sunflower\8071460469_a7c2c34b97_n.jpg,"a field of yellow flowers, a type of sunflower"
sunflower\8081530919_c882d46bb0_n.jpg,"a lake with a bunch of flowers in it, a type of sunflower"
sunflower\8174935013_b16626b49b.jpg,"sunflowers in a field, a type of sunflower"
sunflower\8174935717_d19367d502.jpg,"a sunflower with a blue sky in the background, a type of sunflower"
sunflower\8174941335_56389b53e9_n.jpg,"a field of sunflowers, a type of sunflower"
sunflower\8174970894_7f9a26be7e.jpg,"sunflowers in a field, a type of sunflower"
sunflower\8174972548_0051c2d431.jpg,"a sunflower with a bee on it, a type of sunflower"
sunflower\8192234807_fed4a46f1a_n.jpg,"a field of sunflowers, a type of sunflower"
sunflower\8202034834_ee0ee91e04_n.jpg,"a small tree with yellow flowers in a field, a type of sunflower"
sunflower\8234846550_fdaf326dbe.jpg,"a picture of a sunflower, a type of sunflower"
sunflower\8249000137_eddfffa380_n.jpg,"a field of yellow flowers with green leaves, a type of sunflower"
sunflower\8265023280_713f2c69d0_m.jpg,"a field of sunflowers, a type of sunflower"
sunflower\8266310743_02095e782d_m.jpg,"a field of sunflowers, a type of sunflower"
sunflower\8292914969_4a76608250_m.jpg,"a black fence, a type of sunflower"
sunflower\8368015811_2893411cf7_n.jpg,"a vase of sunflowers sits on a stone bench, a type of sunflower"
sunflower\8478248531_1a16e232b5.jpg,"a yellow flower, a type of sunflower"
sunflower\8480886751_71d88bfdc0_n.jpg,"a sunflower in a field, a type of sunflower"
sunflower\8481979626_98c9f88848_n.jpg,"a sunflower in a field of sunflowers, a type of sunflower"
sunflower\8543642705_b841b0e5f6.jpg,"a field of sunflowers, a type of sunflower"
sunflower\8563099326_8be9177101.jpg,"a vase of flowers, a type of sunflower"
sunflower\8705462313_4458d64cd4.jpg,"a sunflower in a field, a type of sunflower"
sunflower\8928614683_6c168edcfc.jpg,"a field of sunflowers, a type of sunflower"
sunflower\8928658373_fdca5ff1b8.jpg,"sunflowers in a field, a type of sunflower"
sunflower\8929213942_5544191250_n.jpg,"sunflowers in the field, a type of sunflower"
sunflower\8929274876_17efc1774a_n.jpg,"a bee on a sunflower, a type of sunflower"
sunflower\8929288228_6795bcb1fe.jpg,"sunflowers in a field, a type of sunflower"
sunflower\9056495873_66e351b17c_n.jpg,"a field of sunflowers, a type of sunflower"
sunflower\9111896677_ff0b6fa6f6_n.jpg,"a field of sunflowers, a type of sunflower"
sunflower\9206376642_8348ba5c7a.jpg,"a yellow flower with a black center, a type of sunflower"
sunflower\9213511121_836a458021_m.jpg,"a bee on a sunflower, a type of sunflower"
sunflower\9216286162_6ceefdd1b4_m.jpg,"sunflowers in a field, a type of sunflower"
sunflower\9216286876_289a4779f7.jpg,"sunflowers in a field, a type of sunflower"
sunflower\9231555352_d2dd8f8e68_m.jpg,"a woman holding a bunch of sunflowers, a type of sunflower"
sunflower\9240005603_6a9b71dcea_n.jpg,"a field of sunflowers, a type of sunflower"
sunflower\9240129413_f240ce7866_n.jpg,"sunflowers in the field, a type of sunflower"
sunflower\9246304620_768d1f54d7_n.jpg,"photograph - sunflowers by mike gron, a type of sunflower"
sunflower\9302733302_2cb92cf275.jpg,"a field of sunflowers, a type of sunflower"
sunflower\9309473873_9d62b9082e.jpg,"the water is calm, a type of sunflower"
sunflower\9339697826_88c9c4dc50.jpg,"sunflowers in a field, a type of sunflower"
sunflower\9359374034_21fb12d613_n.jpg,"a clear ball, a type of sunflower"
sunflower\9375675309_987d32f99e_n.jpg,"a yellow flower, a type of sunflower"
sunflower\9381481549_5a5d503e42_n.jpg,"a small tree with a lot of leaves, a type of sunflower"
sunflower\9384867134_83af458a19_n.jpg,"a yellow flower, a type of sunflower"
sunflower\9399711558_7cb9547cd3_n.jpg,"a field of sunflowers, a type of sunflower"
sunflower\9410186154_465642ed35.jpg,"sunflowers in a field, a type of sunflower"
sunflower\9427945592_07a2676945_n.jpg,"a large bush of sunflowers, a type of sunflower"
sunflower\9431890901_cd11bda584_n.jpg,"a bee on a sunflower, a type of sunflower"
sunflower\9431896325_23bf6e8761.jpg,"a yellow flower, a type of sunflower"
sunflower\9432335346_e298e47713_n.jpg,"a wooden table with a vase of sunflowers, a type of sunflower"
sunflower\9445830851_e9a126fd1d_n.jpg,"a bee flying over a flower with a blue sky in the background, a type of sunflower"
sunflower\9448615838_04078d09bf_n.jpg,"a yellow flower with a bee on it, a type of sunflower"
sunflower\9460336948_6ae968be93.jpg,"a bee on a flower, a type of sunflower"
sunflower\9461693602_710f20904f.jpg,"a single yellow flower, a type of sunflower"
sunflower\9481563239_01b585b41d_n.jpg,"a bee on a sunflower, a type of sunflower"
sunflower\9482209981_bf7bf6022b_m.jpg,"a picture of sunflowers in a field, a type of sunflower"
sunflower\9483429732_5ae73eb672_n.jpg,"a butterfly on a sunflower, a type of sunflower"
sunflower\9484354480_07ff2ef0a6.jpg,"sunflowers in front of a barn, a type of sunflower"
sunflower\9485002920_59af6f4cac.jpg,"sunflowers in the field, a type of sunflower"
sunflower\9491955955_d0b2c83834.jpg,"a black gate, a type of sunflower"
sunflower\9497774249_7f5ae70927_m.jpg,"a woman holding a sunflower, a type of sunflower"
sunflower\9497774935_a7daec5433_n.jpg,"a person holding a vase with sunflowers in it, a type of sunflower"
sunflower\9511172241_8aee411e2e.jpg,"sunflowers in the field at sunset, a type of sunflower"
sunflower\9535500195_543d0b729b.jpg,"a field of sunflowers, a type of sunflower"
sunflower\9538283930_0faea083bb_n.jpg,"a yellow flower with green leaves and a bee, a type of sunflower"
sunflower\9555824387_32b151e9b0_m.jpg,"a yellow flower, a type of sunflower"
sunflower\9555827829_74e6f60f1d_m.jpg,"a yellow flower, a type of sunflower"
sunflower\9558627290_353a14ba0b_m.jpg,"a sunflower in a field, a type of sunflower"
sunflower\9558628596_722c29ec60_m.jpg,"a sunflower in a field, a type of sunflower"
sunflower\9558630626_52a1b7d702_m.jpg,"a flower in the fore of a blue sky, a type of sunflower"
sunflower\9558632814_e78a780f4f.jpg,"a bunch of sunflowers, a type of sunflower"
sunflower\9564240106_0577e919da_n.jpg,"a couple of sunflowers, a type of sunflower"
sunflower\9588522189_db6166f67f.jpg,"sunflowers in a field, a type of sunflower"
sunflower\9599534035_ae4df582b6.jpg,"a bee on a flower, a type of sunflower"
sunflower\9610098411_f1613c8e14.jpg,"sunflowers in a field, a type of sunflower"
sunflower\9610371852_179e7781ce.jpg,"a bee on a sunflower, a type of sunflower"
sunflower\9610373158_5250bce6ac_n.jpg,"a field of sunflowers, a type of sunflower"
sunflower\9610373748_b9cb67bd55.jpg,"two sunflowers in a field, a type of sunflower"
sunflower\9610374042_bb16cded3d.jpg,"a close up of a sunflower, a type of sunflower"
sunflower\9651392844_77f90589ba_n.jpg,"sunflowers in the field, a type of sunflower"
sunflower\9655029591_7a77f87500.jpg,"a bush of sunflowers, a type of sunflower"
sunflower\9681915384_b3b646dc92_m.jpg,"a bunch of sunflowers, a type of sunflower"
sunflower\9699724719_a8439cc0fd_n.jpg,"a field of sunflowers, a type of sunflower"
sunflower\9783416751_b2a03920f7_n.jpg,"a sunflower grows in front of an old barn, a type of sunflower"
sunflower\9825716455_f12bcc8d4e_n.jpg,"a bunch of sunflowers, a type of sunflower"
sunflower\9904127656_f76a5a4811_m.jpg,"a vase of sunflowers, a type of sunflower"
tulip\10094729603_eeca3f2cb6.jpg,"a forest full of flowers, a type of tulip"
tulip\10094731133_94a942463c.jpg,"a woman walking through a park, a type of tulip"
tulip\10128546863_8de70c610d.jpg,"pink and yellow tulips, a type of tulip"
tulip\10163955604_ae0b830975_n.jpg,"a field of red and blue flowers, a type of tulip"
tulip\10164073235_f29931d91e.jpg,"a field of flowers, a type of tulip"
tulip\10686568196_b1915544a8.jpg,"purple tuliplips, tuliplips, tuliplips, tuliplips, tuliplips, tulips,, a type of tulip"
tulip\10995953955_089572caf0.jpg,"a garden with lots of flowers, a type of tulip"
tulip\11441893003_ab83672800.jpg,"a field of flowers, a type of tulip"
tulip\11614202956_1dcf1c96a1.jpg,"a bouquet of flowers, a type of tulip"
tulip\12024561754_ce9667e4dc_n.jpg,"a field of tuliplips, a type of tulip"
tulip\12025038686_7f10811d4b_n.jpg,"a field of tuliplips, a type of tulip"
tulip\12025042086_78bafc0eb6_n.jpg,"a white bench in a garden with purple tulips, a type of tulip"
tulip\12163418275_bd6a1edd61.jpg,"a field of red and yellow tulips, a type of tulip"
tulip\12517756805_56b74be742.jpg,"a bunch of pink tulips, a type of tulip"
tulip\12548574923_5e90f4ceea.jpg,"purple tulips in a white bowl, a type of tulip"
tulip\12557176134_ecbf15885b.jpg,"a bunch of pink tulips, a type of tulip"
tulip\12584810723_c97d00fcfd.jpg,"a vase with a flower inside of it, a type of tulip"
tulip\12616825773_9aa4245b57_n.jpg,"a vase filled with orange tulipins, a type of tulip"
tulip\12764617214_12211c6a0c_m.jpg,"a vase with yellow tulips, a type of tulip"
tulip\12873145295_438b8197a7_n.jpg,"a vase of flowers on a table, a type of tulip"
tulip\12883412424_cb5086b43f_n.jpg,"a bunch of red tulipps, a type of tulip"
tulip\12916017805_1cde91a891_n.jpg,"a vase filled with colorful tulips sitting on a table, a type of tulip"
tulip\12916135413_dafcf3089e_n.jpg,"a bunch of tulips, a type of tulip"
tulip\12916441224_2ed63596f8_n.jpg,"a bunch of purple and yellow tulips, a type of tulip"
tulip\12934201824_1c8b5171fb_m.jpg,"a white flower with green leaves in the background, a type of tulip"
tulip\12949131454_4d3392f4dd_n.jpg,"a field of tulips, a type of tulip"
tulip\13176521023_4d7cc74856_m.jpg,"a bunch of flowers, a type of tulip"
tulip\13176576813_50e77cc1d9.jpg,"a close up of a flower, a type of tulip"
tulip\13197345653_0f685b3c97_n.jpg,"a vase with tulips, a type of tulip"
tulip\13289268363_b9337d751e.jpg,"a field of yellow flowers, a type of tulip"
tulip\13471563274_471fc1db33_m.jpg,"a field of yellow tulipis, a type of tulip"
tulip\13472141763_f2517e7f0d.jpg,"a field of lavender flowers with a sign that says lavender, a type of tulip"
tulip\13472387874_d844478dbb.jpg,"a field of flowers, a type of tulip"
tulip\13472393854_b2530f7029_n.jpg,"a field of yellow tulipis, a type of tulip"
tulip\13509967925_eaaeefa396_m.jpg,"a tree with no leaves, a type of tulip"
tulip\13509973805_bda5fa8982.jpg,"the sky is clear, a type of tulip"
tulip\13510057763_01b832d919.jpg,"the water is calm, a type of tulip"
tulip\13510068773_c925c5517c.jpg,"a field of flowers, a type of tulip"
tulip\13513616525_2ee0f049e1.jpg,"a field of flowers, a type of tulip"
tulip\13513644515_a51470b899.jpg,"a field of flowers, a type of tulip"
tulip\13513846963_c3d5e9fb1d_n.jpg,"a field of flowers with a barn in the background, a type of tulip"
tulip\13513851673_9d813dc7b0.jpg,"a field of blue flowers, a type of tulip"
tulip\13514131694_d91da4f4fc.jpg,"a field of tuliplips, a type of tulip"
tulip\13514136074_ab1b827e4f.jpg,"the sky is gray, a type of tulip"
tulip\13529687904_3d60abb479_n.jpg,"a vase of pink tulipis with a butterfly on it, a type of tulip"
tulip\13530687085_9b515735ef_m.jpg,"a garden with lots of flowers and plants, a type of tulip"
tulip\13530690445_9f1f5cf43a_n.jpg,"a garden with a bunch of pink tulipites, a type of tulip"
tulip\13530786873_0d34880300_n.jpg,"a garden with a bunch of pink tulipites, a type of tulip"
tulip\13530796853_e5993f57d6_n.jpg,"a field of flowers, a type of tulip"
tulip\13531001134_72052100e1_m.jpg,"a brick walkway, a type of tulip"
tulip\13531007054_c88deaf302_n.jpg,"a field of pink and blue flowers, a type of tulip"
tulip\13539384593_23449f7332_n.jpg,"a field of pink and white tulipis, a type of tulip"
tulip\13539404903_cd113e3e9b.jpg,"a tractor in a field, a type of tulip"
tulip\13539827514_79b60b6c22_n.jpg,"a field of yellow tulipps, a type of tulip"
tulip\13542672763_20c3cb9272.jpg,"a field of flowers, a type of tulip"
tulip\13555215723_cf2c11626b_b.jpg,"a field of purple flowers, a type of tulip"
tulip\13561908485_7e4f8d508b.jpg,"a field of tulips, a type of tulip"
tulip\13561912705_e5eeb41433_z.jpg,"a field of white tulips with red flowers, a type of tulip"
tulip\13561966423_e5c641fe11.jpg,"a field of flowers, a type of tulip"
tulip\13561986193_cf645b2b9a.jpg,"a field of flowers, a type of tulip"
tulip\13562266594_69b807f90c.jpg,"a field of red and yellow tulipas, a type of tulip"
tulip\13562271714_d534531374.jpg,"a field of pink tulipis, a type of tulip"
tulip\13857267684_d2a4b2630f_n.jpg,"a tree with no leaves, a type of tulip"
tulip\13888320717_d2919a879b_m.jpg,"a field of red tulipis, a type of tulip"
tulip\13900235284_32ce563633_n.jpg,"a bunch of orange tulipps, a type of tulip"
tulip\13903937027_44b9f2f5b8.jpg,"a statue in the middle of a field of tuliplips, a type of tulip"
tulip\13903946578_187f904c9a_n.jpg,"a bunch of tuliplips, a type of tulip"
tulip\13903988248_22da33f341.jpg,"a bunch of tulipps, a type of tulip"
tulip\13910028149_6c9d5485ef.jpg,"purple tuliplips in the garden, a type of tulip"
tulip\13910126337_53faf1d214_n.jpg,"a tree branch with leaves, a type of tulip"
tulip\13910131718_731353d84c_n.jpg,"a man and woman sitting on the ground, a type of tulip"
tulip\13910471347_30c8bf4de1_n.jpg,"a bunch of flowers, a type of tulip"
tulip\13910479407_936fd3122d.jpg,"three purple tulips in the garden, a type of tulip"
tulip\13910544560_9140dd547e.jpg,"a field of pink tulips with a blurred background, a type of tulip"
tulip\13910604778_e5f4588420.jpg,"purple tulipaces in the sun, a type of tulip"
tulip\13910678178_25e8b1a5e5.jpg,"a bunch of flowers, a type of tulip"
tulip\13910719110_1b21d1fc81.jpg,"a field of red and orange tulipis, a type of tulip"
tulip\13910737760_c71c8b6ff2.jpg,"a bunch of pink and white tulips, a type of tulip"
tulip\13911047024_8966d70560_n.jpg,"a bunch of red and yellow tulips, a type of tulip"
tulip\13923036338_1ce32c6d4f.jpg,"a field of purple tulips, a type of tulip"
tulip\13923539227_bdab038dc8.jpg,"yellow tulips in the garden, a type of tulip"
tulip\13926327692_a07357ff0d.jpg,"red tulips by michael sc, a type of tulip"
tulip\13953090784_0c7d7a904e.jpg,"a bunch of flowers for sale at a market, a type of tulip"
tulip\13954659583_03981dea99_n.jpg,"a field of colorful tulips, a type of tulip"
tulip\13956300996_07e64a3dbd_n.jpg,"a field of tuliplips, a type of tulip"
tulip\13974542496_e4b5d1c913_n.jpg,"a bunch of flowers, a type of tulip"
tulip\13976191172_6f23a0b313.jpg,"a field of red tulips, a type of tulip"
tulip\13976206001_fd1c2cbd60.jpg,"a red tulipow with a bee in it, a type of tulip"
tulip\13976522214_ccec508fe7.jpg,"a bunch of pink tulips, a type of tulip"
tulip\13979098015_e8c98fd34e_n.jpg,"a field of colorful tulips, a type of tulip"
tulip\13979098645_50b9eebc02_n.jpg,"a field of red and white tulips, a type of tulip"
tulip\13979840624_28466cb3ec_n.jpg,"a field of red tulips, a type of tulip"
tulip\13997627965_22d81601ce_n.jpg,"a red fire hydra, a type of tulip"
tulip\13997641965_80d5dab542_n.jpg,"a lawn with flowers and a lawn mower, a type of tulip"
tulip\13999392173_b1411f8b23_n.jpg,"a woman in a field of red tulips, a type of tulip"
tulip\13999402743_f563f6b685_n.jpg,"a woman sitting in a field of tuliplips, a type of tulip"
tulip\14009216519_b608321cf2_n.jpg,"a pot full of tulips, a type of tulip"
tulip\14014595475_5892fcda51_n.jpg,"a vase with flowers in it, a type of tulip"
tulip\14015957646_8317a0f1d9_n.jpg,"a bunch of pink tulips, a type of tulip"
tulip\14017640283_c417141832_n.jpg,"a garden with lots of flowers and trees, a type of tulip"
tulip\14022473102_3b24ca08cb_m.jpg,"a bunch of tulips, a type of tulip"
tulip\14024864234_713158c27f_n.jpg,"a bunch of flowers, a type of tulip"
tulip\14025589299_eac64c51af_m.jpg,"a bunch of yellow tulips, a type of tulip"
tulip\14026857634_500d7b41d6_m.jpg,"a vase of purple tulipis, a type of tulip"
tulip\14027372499_30f934d24f_m.jpg,"a bunch of purple tulips, a type of tulip"
tulip\14044685976_0064faed21.jpg,"a bunch of flowers in a flower bed, a type of tulip"
tulip\14046760909_0c73e84a1f_n.jpg,"a young girl walks through a field of tulipliplipliplipliplipliplipliplipliplipliplipliplipliplipliplip, a type of tulip"
tulip\14053292975_fdc1093571_n.jpg,"a bunch of red flowers, a type of tulip"
tulip\14054827092_f359f5fcbd_m.jpg,"a group of flowers, a type of tulip"
tulip\14054827391_139fb54432.jpg,"a group of yellow flowers with red stripes, a type of tulip"
tulip\14057246122_8598b665bd.jpg,"a field of colorful tulips, a type of tulip"
tulip\14061132852_89122de5f9_n.jpg,"a vase of red tulipps, a type of tulip"
tulip\14064731501_ea14b58161.jpg,"a red tulip in a field of yellow flowers, a type of tulip"
tulip\14064735842_a946fba1ef_n.jpg,"a field of tuliplips, a type of tulip"
tulip\14066056226_d8564a083e_m.jpg,"a fence with flowers, a type of tulip"
tulip\14067456066_87e15792d0.jpg,"a large field of tulips, a type of tulip"
tulip\14067476586_36bcddf111.jpg,"a bunch of pink tulips, a type of tulip"
tulip\14067761295_7cfe6a42e9.jpg,"a field of tulips, a type of tulip"
tulip\14067778605_0285b7cc3a.jpg,"a tree with green leaves, a type of tulip"
tulip\14068200854_5c13668df9_m.jpg,"a bunch of tulips, a type of tulip"
tulip\14068295074_cd8b85bffa.jpg,"a close up of a pink and white tulipow, a type of tulip"
tulip\14068348874_7b36c99f6a.jpg,"a red flower with a bee inside of it, a type of tulip"
tulip\14068378204_7b26baa30d_n.jpg,"a single tulip in a field of yellow and red tulips, a type of tulip"
tulip\14071516088_b526946e17_n.jpg,"a street lined with trees and flowers, a type of tulip"
tulip\14073608876_49db8ac97d_n.jpg,"a statue of a man with a hat and a cane, a type of tulip"
tulip\14074147406_7ab87aec79_n.jpg,"a field of pink tulipis, a type of tulip"
tulip\14078067843_3573fcfc85_n.jpg,"a field of tulips, a type of tulip"
tulip\14078067903_92f5eb27ff.jpg,"two yellow and red tulips, a type of tulip"
tulip\14084211971_0f921f11fe_n.jpg,"a field of white tulipis, a type of tulip"
tulip\14084749296_6143c74c72_m.jpg,"a vase of tulips, a type of tulip"
tulip\14087326141_1906d5a373_n.jpg,"a field of purple tulipis, a type of tulip"
tulip\14087361621_9fefb8dbef.jpg,"a field of red tulips, a type of tulip"
tulip\14087425312_2b5846b570_n.jpg,"a statue of a man in a garden, a type of tulip"
tulip\14087439392_969444f56e.jpg,"a bunch of pink tulips, a type of tulip"
tulip\14087792403_f34f37ba3b_m.jpg,"a white tulip in a field of pink tulips, a type of tulip"
tulip\14087860553_bf4f8ec56d.jpg,"a bunch of flowers, a type of tulip"
tulip\14087892193_653a3ac7ca_n.jpg,"a field of tuliplips, a type of tulip"
tulip\14088017343_dd158d2eb5.jpg,"a close up of a flower with many flowers in the background, a type of tulip"
tulip\14090534565_5857ce4b7c_n.jpg,"a field of tulips, a type of tulip"
tulip\14090546015_504c8becd1.jpg,"a fountain with water, a type of tulip"
tulip\14093565032_a8f1e349d1.jpg,"a bunch of pink tulips in a field, a type of tulip"
tulip\14093884601_c87b5cd663_n.jpg,"a bunch of flowers, a type of tulip"
tulip\14093907931_dd8f642574.jpg,"a bunch of tuliplips, a type of tulip"
tulip\14094114202_4c1d7f1116.jpg,"a field of pink tulipps, a type of tulip"
tulip\14094146241_0b9fa7b3e0.jpg,"purple tulips in a field, a type of tulip"
tulip\14097111174_87a2e7e0c7_n.jpg,"a field of purple tulipis, a type of tulip"
tulip\14097328354_4f1469a170.jpg,"a bird sitting on a table with a drink, a type of tulip"
tulip\14097366955_84ef6369f2.jpg,"a field of tulips, a type of tulip"
tulip\14097676864_4ca8e8b20d_n.jpg,"a field of pink tulipis, a type of tulip"
tulip\14097745904_436c4ba1b4_n.jpg,"a field of colorful tulips, a type of tulip"
tulip\14099204939_60e6ffa4c3_n.jpg,"a vase with flowers in it, a type of tulip"
tulip\14103897845_7986002615.jpg,"a pond with flowers, a type of tulip"
tulip\14110615113_bd7b3fcb84.jpg,"a bunch of red tulips, a type of tulip"
tulip\14110616533_e04775e7b1.jpg,"a bunch of tulips, a type of tulip"
tulip\14116780333_7836f4448c.jpg,"a water fountain with a green background, a type of tulip"
tulip\14116826873_d4bab623bf_n.jpg,"a yellow flower in the middle of a field, a type of tulip"
tulip\14122029097_3e3285ca5c_n.jpg,"a field of purple tulipis, a type of tulip"
tulip\14124669683_7fb74f20c3.jpg,"a vase of flowers, a type of tulip"
tulip\14127532150_112823a8f6.jpg,"a woman and a child, a type of tulip"
tulip\14149603605_eedfe9678c_n.jpg,"a vase of tulips, a type of tulip"
tulip\14171673854_1208c19be3_m.jpg,"a garden full of orange and yellow tulipis, a type of tulip"
tulip\14235021006_dd001ea8ed_n.jpg,"a street lined with trees and flowers, a type of tulip"
tulip\14254839301_ffb19c6445_n.jpg,"a park with lots of flowers and trees, a type of tulip"
tulip\14255917256_84c23c572b.jpg,"a bunch of flowers, a type of tulip"
tulip\14262354955_cc2ab3b112_m.jpg,"a pink flower in front of a white house, a type of tulip"
tulip\14266093711_66d18a1e44_n.jpg,"a pink tulip with yellow center, a type of tulip"
tulip\14270573963_f122c40438.jpg,"two orange tulips, a type of tulip"
tulip\14275234071_6e6f473356.jpg,"a field of colorful tulips, a type of tulip"
tulip\14278331403_4c475f9a9b.jpg,"a street lined with yellow tulips, a type of tulip"
tulip\14487705209_ea723109e1_m.jpg,"a bunch of tulipis, a type of tulip"
tulip\14487712670_aebe715525_m.jpg,"a book with a bunch of flowers on it, a type of tulip"
tulip\14487762578_baba13d16a_m.jpg,"a painting of red tulipis, a type of tulip"
tulip\14487943607_651e8062a1_m.jpg,"a drawing of a flower with two leaves, a type of tulip"
tulip\14491997336_36ba524713.jpg,"a bunch of purple and white tulipps, a type of tulip"
tulip\14651383746_419dc73634_m.jpg,"a red flower with a bee on it, a type of tulip"
tulip\14651385476_7ccb20e594_m.jpg,"a yellow flower with a snail on it, a type of tulip"
tulip\14671196461_b725727229_m.jpg,"a drawing of two flowers, a type of tulip"
tulip\14674067742_73c2602aa6_m.jpg,"a picture of a flower, a type of tulip"
tulip\14674071872_2df55466d5_m.jpg,"a group of tulipps, a type of tulip"
tulip\14674388855_2da18e375a_m.jpg,"a red flower with green stems and a small flower, a type of tulip"
tulip\14674389605_df3c0bcfa1_m.jpg,"a picture of a flower on a piece of paper, a type of tulip"
tulip\14746916178_40403cc57e.jpg,"a single yellow tulip in the dark, a type of tulip"
tulip\14836105101_1d07520932_m.jpg,"the garden by john james, a type of tulip"
tulip\14861513337_4ef0bfa40d.jpg,"a field of pink tulips, a type of tulip"
tulip\14866400927_3a59899df3_m.jpg,"a field of flowers, a type of tulip"
tulip\15029962436_3e50c1f30f_n.jpg,"a close up of a flower with a blury background, a type of tulip"
tulip\15049902081_dd85361f8c_m.jpg,"a red and white flower, a type of tulip"
tulip\15052586652_56a82de133_m.jpg,"a red and white flower, a type of tulip"
tulip\15082212714_ff87e8fcb1_m.jpg,"a painting of flowers in a vase on a ledge, a type of tulip"
tulip\15090146325_b7e1249e60.jpg,"red tulips in a field, a type of tulip"
tulip\15147464747_594599c855_m.jpg,"a painting of flowers in a vase, a type of tulip"
tulip\15147473067_7c5498eb0e_m.jpg,"a painting of tuliplipps flowers, a type of tulip"
tulip\15149373026_93aacc65c5.jpg,"a single red tulip in a field of purple tulips, a type of tulip"
tulip\15275144259_f9a18ec9cb.jpg,"a bridge with people walking across it, a type of tulip"
tulip\15275190769_0ed7bbf490.jpg,"a green building, a type of tulip"
tulip\15275199229_962387f24d.jpg,"a row of windmills in the water, a type of tulip"
tulip\15275478257_fbd5850708_n.jpg,"a bicycle parked next to a flowered fence, a type of tulip"
tulip\15275504998_ca9eb82998.jpg,"a row of bikes parked in front of a brick building, a type of tulip"
tulip\15452909878_0c4941f729_m.jpg,"a bunch of purple tulipps, a type of tulip"
tulip\15458787091_3edc6cd1eb.jpg,"a field of grass, a type of tulip"
tulip\15516715153_08abc9bb20_n.jpg,"a field of red and white tulips, a type of tulip"
tulip\15516736553_b169b67195_n.jpg,"a couple of tulips, a type of tulip"
tulip\15632065904_0d9caf174b.jpg,"a bunch of colorful balloons, a type of tulip"
tulip\15647243236_2778501cf5_n.jpg,"three tulips in the rain, a type of tulip"
tulip\15756524087_823cf86bd8_m.jpg,"a picture of a bunch of flowers in a garden, a type of tulip"
tulip\15881325303_f00807a051_n.jpg,"a vase of flowers with a bunch of tulips, a type of tulip"
tulip\15922772266_1167a06620.jpg,"a vase filled with red and white flowers, a type of tulip"
tulip\15976769174_1d50f46ca1_m.jpg,"a bunch of pink tulips, a type of tulip"
tulip\16055807744_000bc07afc_m.jpg,"a bunch of tulips, a type of tulip"
tulip\16062072523_1be3c0b61f.jpg,"a vase filled with white flowers on a white surface, a type of tulip"
tulip\16074109313_2cc14c7d16.jpg,"a vase of orange tulips, a type of tulip"
tulip\16098264209_38fe491093.jpg,"a man looking at a bunch of pink and white tulips, a type of tulip"
tulip\16110795216_b3e44697b4_m.jpg,"a bouquet of tulips, a type of tulip"
tulip\16138212287_643bf336e1_m.jpg,"a garden with red and blue flowers, a type of tulip"
tulip\16139439153_fbdee29a10_n.jpg,"a purple tulipse, a type of tulip"
tulip\16169741783_deeab1a679_m.jpg,"a table with a bowl of fruit and a book, a type of tulip"
tulip\16265876844_0a149c4f76.jpg,"a field of yellow and red tulipas, a type of tulip"
tulip\16265883604_92be82b973.jpg,"a pink rose with green leaves in the background, a type of tulip"
tulip\16282277874_b92776b194.jpg,"photograph - tulipliplipliplipliplipliplipliplipliplipliplipliplipliplipliplipliplipliplipliplip, a type of tulip"
tulip\16283125269_4cfae953f1.jpg,"a bunch of red tulips, a type of tulip"
tulip\16303377824_6e9128b4bd.jpg,"a bunch of yellow tulipis, a type of tulip"
tulip\16309287412_5cc4d58bd1_n.jpg,"a vase with flowers in it, a type of tulip"
tulip\16471277547_a0a5509377_n.jpg,"a field of colorful tulips, a type of tulip"
tulip\16485607329_e66d5960bc_m.jpg,"a field of colorful tulips, a type of tulip"
tulip\16506668270_b823935dc3.jpg,"a vase of white tulips, a type of tulip"
tulip\16582481123_06e8e6b966_n.jpg,"a bunch of tulips, a type of tulip"
tulip\16594995743_ce72c61201_n.jpg,"a field of pink tulipis, a type of tulip"
tulip\16644790896_7b296ecd67_n.jpg,"a field of red and yellow tulips, a type of tulip"
tulip\16645809126_613b1e3ebe_m.jpg,"a bunch of red tulips, a type of tulip"
tulip\16670377091_87987f50a4_n.jpg,"a field of red and yellow tulips, a type of tulip"
tulip\16677199221_eab3f22378_n.jpg,"a bunch of yellow and pink tulips, a type of tulip"
tulip\16677542612_a78a8ca8b3_m.jpg,"a bunch of red tulips, a type of tulip"
tulip\16680927427_07ca6e4552_n.jpg,"a field of pink and white tulips, a type of tulip"
tulip\16680930777_7e7f292fc5_n.jpg,"a field of orange tulipis, a type of tulip"
tulip\16680998737_6f6225fe36.jpg,"a group of people walking around a building, a type of tulip"
tulip\16700863150_ddaa4d89b4_n.jpg,"a field of orange and yellow tulips, a type of tulip"
tulip\16702117379_c25bff70e9.jpg,"a field of pink and white tulips, a type of tulip"
tulip\16702188449_3dacce90b2_m.jpg,"a large tree, a type of tulip"
tulip\16711791713_e54bc9c1af_n.jpg,"a field of colorful tulips, a type of tulip"
tulip\16717320956_d4b00807f2.jpg,"a close up of a flower with a blurry background, a type of tulip"
tulip\16732302779_8aa56f255d_n.jpg,"a field of tulips and other flowers, a type of tulip"
tulip\16751015081_af2ef77c9a_n.jpg,"a vase with flowers in it, a type of tulip"
tulip\16765283686_0315ae00a8.jpg,"a vase of flowers, a type of tulip"
tulip\16862349256_0a1f91ab53.jpg,"a field of purple tulipis, a type of tulip"
tulip\16862351376_f0fcc6fc91_n.jpg,"a field of pink tulips, a type of tulip"
tulip\16862374316_4135908d4c_m.jpg,"a windmill shaped sculpture, a type of tulip"
tulip\16862422576_5226e8d1d0.jpg,"the sky is gray, a type of tulip"
tulip\16904202259_8f45d045c3_m.jpg,"a bunch of yellow tulips, a type of tulip"
tulip\16907559551_05ded87fb2_n.jpg,"a woman kneeling in a field of tuliplipliplipliplipliplipliplipliplipliplipliplipliplipliplipliplip, a type of tulip"
tulip\16930105456_8b826dc4a8_n.jpg,"a bunch of flowers, a type of tulip"
tulip\16930121391_a4092ecf00_n.jpg,"a close up of a flower with a red center, a type of tulip"
tulip\16937554595_3e1de22f9c.jpg,"a field of red tulipis, a type of tulip"
tulip\16938892686_3613ea68e8_n.jpg,"a vase of tuliplips and a vase of tulips, a type of tulip"
tulip\16951623209_00fb7ec1b1_n.jpg,"a bunch of red flowers in a field, a type of tulip"
tulip\16986144192_55e0e6c152.jpg,"a bunch of white tulips in black and white, a type of tulip"
tulip\17012955700_7141d29eee.jpg,"a bunch of flowers with a blurry background, a type of tulip"
tulip\17066862602_7530f21efe.jpg,"a field of white tulips, a type of tulip"
tulip\17066864992_1cbc4fc908.jpg,"white tulips in a field, a type of tulip"
tulip\17078576150_6f272ce73f_n.jpg,"red tulips in a field, a type of tulip"
tulip\17078716890_68e0723389_n.jpg,"a single white flower in a field of blue flowers, a type of tulip"
tulip\17094167287_865840060d_n.jpg,"a vase with flowers in it, a type of tulip"
tulip\17146928665_600fa3a1f1_n.jpg,"a bunch of orange tulipis, a type of tulip"
tulip\17159349572_c0c51599f7_n.jpg,"a flower in the middle of a field, a type of tulip"
tulip\17159816388_deafbebdb0.jpg,"a bunch of flowers, a type of tulip"
tulip\17165583356_38cb1f231d_n.jpg,"a field of white tulipis, a type of tulip"
tulip\17167151059_a53bfe0b02.jpg,"pink tulips with raindrops, a type of tulip"
tulip\17189456156_6fc1067831.jpg,"a field of pink tulipis, a type of tulip"
tulip\17189526216_fa24dd541a_n.jpg,"a field of tulips, a type of tulip"
tulip\17198868382_697b23c715_n.jpg,"a bunch of red and yellow tulipis, a type of tulip"
tulip\17199496791_3caaf5e278_m.jpg,"a cross in the middle of a field of tuliplipliplipliplipliplipliplipliplipliplipliplipliplipliplip, a type of tulip"
tulip\17199499591_67b64b21ed_m.jpg,"a cross in the middle of a field of tuliplipliplipliplipliplipliplipliplipliplipliplipliplipliplip, a type of tulip"
tulip\17202535346_ab828e779b.jpg,"a black and white photo of a tree, a type of tulip"
tulip\17224410762_402455ed8f.jpg,"a field of yellow tulipis, a type of tulip"
tulip\17282288501_e8738c9cfb_n.jpg,"a garden with orange flowers and a fence, a type of tulip"
tulip\17295127995_62eff434fe_n.jpg,"a vase with pink tulips in it, a type of tulip"
tulip\17309951996_552d632cbb_n.jpg,"a woman kneeling in a field of tuliplipliplipliplipliplipliplipliplipliplipliplipliplipliplipliplip, a type of tulip"
tulip\17318339476_54479b6660_n.jpg,"a field of yellow tulipis, a type of tulip"
tulip\17324469461_2b318aff8d_m.jpg,"a group of white flowers, a type of tulip"
tulip\17408197905_829c4d7940_m.jpg,"a vase of flowers, a type of tulip"
tulip\17469578564_35a8360f58.jpg,"a vase filled with orange and yellow tulipows, a type of tulip"
tulip\17719248689_cfd5d2f228_n.jpg,"a park with a bench and a tree, a type of tulip"
tulip\17720403638_94cfcd8d5c_n.jpg,"a park with a lot of flowers and a bench, a type of tulip"
tulip\17781940352_a45e4289a5.jpg,"a field of colorful flowers in the middle of a park, a type of tulip"
tulip\17844723633_da85357fe3.jpg,"yellow tulipis by michael gron, a type of tulip"
tulip\17862445825_f7031d6f26.jpg,"a field of colorful tulips, a type of tulip"
tulip\17907238905_1ae121f8d9_m.jpg,"a cross on a grave, a type of tulip"
tulip\17908793211_ff0f1f81d3_n.jpg,"a clock in a garden, a type of tulip"
tulip\17994129033_bbd0acba62_n.jpg,"a red flower in the ground, a type of tulip"
tulip\18245124970_e68fd3f3c3.jpg,"red tulips by michael, a type of tulip"
tulip\18270448366_d5676dec64_z.jpg,"a field of red and yellow tulips, a type of tulip"
tulip\18378581986_5cd1494d08_n.jpg,"a field of tulips with a sky background, a type of tulip"
tulip\18378582936_ee7085c850.jpg,"a field of red and white tulipas, a type of tulip"
tulip\18406629611_4d1edcf23b_n.jpg,"a field of purple and white tulipis, a type of tulip"
tulip\19413898445_69344f9956_n.jpg,"photograph - white tuliplipps by garry chu, a type of tulip"
tulip\19425920580_cdc8f49aed_n.jpg,"a bunch of flowers, a type of tulip"
tulip\4117620896_070e5887ae_m.jpg,"a vase with orange tulips, a type of tulip"
tulip\4209052442_7e754f617c_n.jpg,"a field of orange tulipis, a type of tulip"
tulip\4263272885_1a49ea5209.jpg,"a field of pink and white tulipas, a type of tulip"
tulip\4290566894_c7f061583d_m.jpg,"a vase filled with red tulips, a type of tulip"
tulip\4300258119_b03f2f956e.jpg,"a vase filled with red tulips sitting on a table, a type of tulip"
tulip\4312181724_16dab26afb_n.jpg,"a vase filled with colorful tulips sitting on a window sie, a type of tulip"
tulip\4353419275_79d3904074_n.jpg,"a vase of flowers and fruit on a table, a type of tulip"
tulip\4395433872_e073d8c721_n.jpg,"a vase with a bunch of flowers in it, a type of tulip"
tulip\4418204816_018375acd0_m.jpg,"a bunch of white tulipps, a type of tulip"
tulip\4442928974_9672d630b2_n.jpg,"a man is painting a field of flowers, a type of tulip"
tulip\4497973347_57480ffee9_m.jpg,"a bunch of red and purple tulips, a type of tulip"
tulip\4497976955_3f8c2a21c1_m.jpg,"a field of colorful tulips, a type of tulip"
tulip\4508346090_a27b988f79_n.jpg,"red tulips in the garden, a type of tulip"
tulip\4516198427_0e5099cd8e.jpg,"a bunch of flowers in a park with trees, a type of tulip"
tulip\4520577328_a94c11e806_n.jpg,"a bunch of pink tulips, a type of tulip"
tulip\4520582070_d14a14f038.jpg,"a yellow flower, a type of tulip"
tulip\4521037085_70d5802e1d_m.jpg,"a field of tulips, a type of tulip"
tulip\4521496161_2b41d4182e.jpg,"a bunch of tulips, a type of tulip"
tulip\4522130258_9ee44cf73f_m.jpg,"a bunch of pink tulips, a type of tulip"
tulip\4522153453_06437ca3af_m.jpg,"a woman painting a picture on a ease, a type of tulip"
tulip\4522764992_e9d70b82c1_m.jpg,"a close up of a flower with a blury background, a type of tulip"
tulip\4525067924_177ea3bfb4.jpg,"a bunch of tulipps, a type of tulip"
tulip\4546299243_23cd58eb43.jpg,"a pink tree, a type of tulip"
tulip\4546316433_202cc68c55.jpg,"a tree with pink flowers, a type of tulip"
tulip\4550091966_7f3e0f8802_n.jpg,"a white bench, a type of tulip"
tulip\4550117239_5907aaba4c.jpg,"a field of colorful flowers with a black frame, a type of tulip"
tulip\4550278535_dfdf7b74ef.jpg,"a field of red tulips, a type of tulip"
tulip\4550805310_5f81c9ba08_n.jpg,"a field of orange and yellow tulipas, a type of tulip"
tulip\4553203984_9cb9312240_n.jpg,"a field of tuliplips, a type of tulip"
tulip\4555842486_dd214a84d7_n.jpg,"a field of colorful tulips, a type of tulip"
tulip\4558912791_084e440365_m.jpg,"a pond with yellow tulips, a type of tulip"
tulip\4561670472_0451888e32_n.jpg,"a tree with pink flowers in front of a red house, a type of tulip"
tulip\4562423077_00b16240dc_n.jpg,"a bunch of pink tulips, a type of tulip"
tulip\4565139594_b28d260cb9.jpg,"a bunch of flowers, a type of tulip"
tulip\4571353297_5634177744_n.jpg,"a pink flower in a green garden, a type of tulip"
tulip\4571993204_5b3efe0e78.jpg,"a yellow flower, a type of tulip"
tulip\4572955407_87f4805c7b.jpg,"a bunch of tulips, a type of tulip"
tulip\4573822295_5c5c6a5f6a.jpg,"a close up of a flower with water droplets, a type of tulip"
tulip\4574785121_5d8ec4626e.jpg,"red tulips in a field, a type of tulip"
tulip\4575963749_2418ff8768.jpg,"a field of yellow tulips, a type of tulip"
tulip\4578030672_e6aefd45af.jpg,"a man sitting in the grass with tulips, a type of tulip"
tulip\4579079143_f65b39dd9f.jpg,"a field of red tulips, a type of tulip"
tulip\4579128789_1561575458_n.jpg,"red tulips in the grass, a type of tulip"
tulip\4580206494_9386c81ed8_n.jpg,"a blue vase with yellow flowers in it, a type of tulip"
tulip\4582198748_20fa7caaa1.jpg,"a field of red and white tulips, a type of tulip"
tulip\4587872443_a86c692cb8.jpg,"a bunch of pink tulips, a type of tulip"
tulip\4588904196_3c5825c7f4.jpg,"a close up of a yellow flower with water droplets, a type of tulip"
tulip\4589624702_b6baa83699_m.jpg,"a black and white photo of a bunch of flowers, a type of tulip"
tulip\4590702749_e1df8e0c1b.jpg,"pink tulips in a field, a type of tulip"
tulip\4590703575_6371c0a186_n.jpg,"a field of red tulipps, a type of tulip"
tulip\4591323356_030d8b6967_m.jpg,"a field of pink tulips, a type of tulip"
tulip\4599815420_8ee42c2382.jpg,"three red tulips, a type of tulip"
tulip\4602809199_d3030cef01_m.jpg,"two red tulips in a field, a type of tulip"
tulip\4604238410_bcec9da4a0_n.jpg,"a bunch of flowers, a type of tulip"
tulip\4604272150_0c92385530_n.jpg,"a yellow and red flower, a type of tulip"
tulip\4612075317_91eefff68c_n.jpg,"tulipliplipliplipliplipliplipliplipliplipliplipliplipliplipliplipliplipliplipliplipliplip, a type of tulip"
tulip\4624404489_11e10fcd33_n.jpg,"a bunch of yellow tulips, a type of tulip"
tulip\4644110077_ff252cd7c4.jpg,"pink tulips in the grass, a type of tulip"
tulip\4679869990_7c5f28f2fe_n.jpg,"a black and white photo of red tuliplips, a type of tulip"
tulip\4681062529_36186617d9.jpg,"pink flowers in the background, a type of tulip"
tulip\4838669164_ffb6f67139.jpg,"two red flowers, a type of tulip"
tulip\4890786831_91bb82a9e4_n.jpg,"a field of red and yellow tulipis, a type of tulip"
tulip\4945315538_97bdd873c4.jpg,"a bunch of red tulipps, a type of tulip"
tulip\4955884820_7e4ce4d7e5_m.jpg,"a field of tulips, a type of tulip"
tulip\5012813078_99fb977616_n.jpg,"a field of red flowers, a type of tulip"
tulip\5043225469_0aa23f3c8f_n.jpg,"a man sitting on a bench in a park, a type of tulip"
tulip\5208680166_c4372477ef_n.jpg,"a field of yellow tulips with red tulips in the background, a type of tulip"
tulip\5388013398_09a8a0f166_m.jpg,"a bunch of yellow and white flowers, a type of tulip"
tulip\5417115048_3b78d6c875_n.jpg,"a vase filled with pink tulips sitting on a table, a type of tulip"
tulip\5430796647_f21b7b0fea.jpg,"a bunch of flowers, a type of tulip"
tulip\5433747333_869a2a172d_m.jpg,"a painting of a vase with flowers in it, a type of tulip"
tulip\5470898169_52a5ab876c_n.jpg,"a vase of pink and white tulips, a type of tulip"
tulip\5524946579_307dc74476.jpg,"a vase of flowers, a type of tulip"
tulip\5529939805_1679b014e1_n.jpg,"a vase of flowers, a type of tulip"
tulip\5543457754_89c44c88de_n.jpg,"photograph - tulipliplipliplipliplipliplipliplipliplipliplipliplipliplipliplipliplipliplipliplip, a type of tulip"
tulip\5546723510_39a5a10d3a_n.jpg,"a bunch of red tulips, a type of tulip"
tulip\5552198702_35856ed8ec.jpg,"a field of orange tulipis, a type of tulip"
tulip\5565089564_a30c318f44.jpg,"a field of white tulips, a type of tulip"
tulip\5574219476_1f46775487_n.jpg,"a black and white photo of a field of flowers, a type of tulip"
tulip\5603625247_e4ff1828af_m.jpg,"a small flower in a pot, a type of tulip"
tulip\5628970369_54eb9ed31c_n.jpg,"a red flower with a white frame, a type of tulip"
tulip\5631861819_f0eb39a357_m.jpg,"a field of yellow tulipis, a type of tulip"
tulip\5632006303_15acd2cf1e_n.jpg,"a field of colorful flowers, a type of tulip"
tulip\5633266048_4f4bfb2cf1_n.jpg,"a bunch of tulips, a type of tulip"
tulip\5634767665_0ae724774d.jpg,"a field of yellow tulips, a type of tulip"
tulip\5635347336_bc1400e939_n.jpg,"a field of red tulips under a blue sky, a type of tulip"
tulip\5635348214_a4e2b19ffe.jpg,"a field of yellow tulips, a type of tulip"
tulip\5637140035_e6c5514f54.jpg,"a statue in the background, a type of tulip"
tulip\5644061265_e02135f028_n.jpg,"a field of yellow flowers in the middle of a park, a type of tulip"
tulip\5653364300_bc557236c7_n.jpg,"a bunch of purple and white tulipis, a type of tulip"
tulip\5661431592_cea1108261_n.jpg,"a white flower with a blue flower in the background, a type of tulip"
tulip\5665080897_0796f726c9_m.jpg,"a pink flower in the middle of a green background, a type of tulip"
tulip\5665708521_799585d229_n.jpg,"a close up of a flower with a blur of the background, a type of tulip"
tulip\5666286130_1dc6f66f09_n.jpg,"a yellow flower with red and yellow petals, a type of tulip"
tulip\5670916806_df4316006f_n.jpg,"a white flower with a yellow center, a type of tulip"
tulip\5674125303_953b0ecf38.jpg,"a field of flowers, a type of tulip"
tulip\5674127693_1ddbd81097.jpg,"a field of colorful tulips, a type of tulip"
tulip\5674132053_b40a7d32ca.jpg,"a field of flowers, a type of tulip"
tulip\5674134129_2db5136cba.jpg,"a field of flowers, a type of tulip"
tulip\5674167473_ac696c8989_n.jpg,"pink tulips in the park, a type of tulip"
tulip\5674170543_73e3f403fb.jpg,"a bunch of pink tulips, a type of tulip"
tulip\5674695558_61397a1584.jpg,"a bunch of flowers, a type of tulip"
tulip\5674704952_9bd225ed9e_n.jpg,"a bride and groom walking through a field of blue flowers, a type of tulip"
tulip\5674707464_dc18de05b1.jpg,"a field of blue flowers, a type of tulip"
tulip\5680695867_baff72fc7c.jpg,"a bunch of tulips, a type of tulip"
tulip\5682463466_d3e641cb8b.jpg,"a field of purple and orange tulipis, a type of tulip"
tulip\5687705933_55a8c2dbac.jpg,"the sky is blue, a type of tulip"
tulip\5691090657_2f1e9bf49e_n.jpg,"photograph - tulipliplipliplipliplipliplipliplipliplipliplipliplipliplipliplipliplipliplipliplip, a type of tulip"
tulip\5691100579_4a2767360a.jpg,"pink tulips in the garden, a type of tulip"
tulip\5691672942_70a93d70fc.jpg,"a field of white tulips, a type of tulip"
tulip\5697471591_200ff951fa_n.jpg,"a bunch of flowers, a type of tulip"
tulip\5698944116_fd35fe6bea.jpg,"a bunch of red tulipps, a type of tulip"
tulip\5700394524_dc6f8fa9cd_n.jpg,"a field of blue flowers under a purple sky, a type of tulip"
tulip\5700466891_2bcb17fa68_n.jpg,"tulipliplipliplipliplipliplipliplipliplipliplipliplipliplipliplipliplipliplipliplipliplip, a type of tulip"
tulip\5704726114_a92f753514.jpg,"a bunch of red tulips, a type of tulip"
tulip\5716293002_a8be6a6dd3_n.jpg,"a bunch of red tulipps, a type of tulip"
tulip\5718781677_d5e9267115_n.jpg,"a bunch of colorful tulipps, a type of tulip"
tulip\5719416820_3060e3c1f0.jpg,"a vase of tulipps, a type of tulip"
tulip\5730908127_da871df0f8.jpg,"a field of orange tulipis, a type of tulip"
tulip\5738195260_b3fc107aa7_n.jpg,"a field of pink tulips in the netherlands, a type of tulip"
tulip\5755467567_903c31e3d0.jpg,"a field of red and white tulips, a type of tulip"
tulip\5757091018_cdfd79dfa6_m.jpg,"a white flower in a green field, a type of tulip"
tulip\5810456385_b44358a0ae.jpg,"red flowers in the grass, a type of tulip"
tulip\5811004432_266f0f0c6f.jpg,"a close up of a yellow and red tulipow, a type of tulip"
tulip\5811022098_2523ca4e82.jpg,"yellow flowers in the garden, a type of tulip"
tulip\5813495998_64be1b8ab6_n.jpg,"a bunch of pink tulips, a type of tulip"
tulip\5891485349_cce7b99549.jpg,"a field of tuliplips, a type of tulip"
tulip\6038098425_b3b4fb62cc_m.jpg,"a vase of flowers on a table, a type of tulip"
tulip\6187740107_9813ccc41e.jpg,"a vase of white flowers, a type of tulip"
tulip\6227136437_6117068599_m.jpg,"a vase of red tulipps, a type of tulip"
tulip\6227136683_262c6be56b.jpg,"a bunch of red tulips, a type of tulip"
tulip\6267021825_a8316e0dcc_m.jpg,"a vase of flowers, a type of tulip"
tulip\6325571510_7544b27e57_n.jpg,"a table with a tea set and a plate of cookies, a type of tulip"
tulip\6539831765_c21b68910e_n.jpg,"a man is looking at a bunch of flowers, a type of tulip"
tulip\6770436217_281da51e49_n.jpg,"a table with a plate of food and a vase of flowers, a type of tulip"
tulip\6799076717_575944af91_m.jpg,"a bunch of pink tulipis, a type of tulip"
tulip\6808860548_53796b90ca_n.jpg,"a bunch of red flowers, a type of tulip"
tulip\6876631336_54bf150990.jpg,"a bunch of pink tulips, a type of tulip"
tulip\6903831250_a2757fff82_m.jpg,"a painting of a field with flowers, a type of tulip"
tulip\6905876618_12732b74de_b.jpg,"a field of white flowers with green leaves, a type of tulip"
tulip\6931489544_2f35025f7b_m.jpg,"a bunch of tulips, a type of tulip"
tulip\6931674908_8e93bd4554.jpg,"a bunch of tulips, a type of tulip"
tulip\6931708704_fccb06fea8.jpg,"a bunch of tulips, a type of tulip"
tulip\6931715360_34edc5a372_m.jpg,"a bunch of tulips, a type of tulip"
tulip\6931748252_68f06086b3.jpg,"a green bush, a type of tulip"
tulip\6934951920_d43ff8b78d.jpg,"a little girl in a field of purple tuliplips, a type of tulip"
tulip\6936168062_a31c28b77c_m.jpg,"a garden with lots of flowers and plants, a type of tulip"
tulip\6936380780_19c26c918a.jpg,"three women jumping in a field of flowers, a type of tulip"
tulip\6948239566_0ac0a124ee_n.jpg,"a table with a bunch of stickers on it, a type of tulip"
tulip\6948277038_89d7ff42e2_m.jpg,"a large rock garden, a type of tulip"
tulip\6958243974_8851425ddb_n.jpg,"a field of purple and blue flowers, a type of tulip"
tulip\6958342976_a4a9483488_n.jpg,"a small red flower on a green leaf, a type of tulip"
tulip\6958343928_7e596da4ed_m.jpg,"a bunch of red and white tulipps, a type of tulip"
tulip\6970683464_f70838ca3a_n.jpg,"a pink flower with a green stem, a type of tulip"
tulip\6982913043_3b873c6a25.jpg,"a bunch of pink tulips, a type of tulip"
tulip\6989946990_62c639ff16_n.jpg,"a picture of a street with flowers in the fore, a type of tulip"
tulip\6994351792_343e18cbf6_n.jpg,"a field of pink tulips, a type of tulip"
tulip\6998661030_46cbb7892a.jpg,"a bunch of flowers that are in the grass, a type of tulip"
tulip\7002703410_3e97b29da5_n.jpg,"a field of pink tulips, a type of tulip"
tulip\7003964080_4566470798_n.jpg,"a white flower with a green stem, a type of tulip"
tulip\7042692841_f323799c0d.jpg,"a field of tulips, a type of tulip"
tulip\7046815693_f159e96acd_n.jpg,"a bunch of red and white tulips, a type of tulip"
tulip\7047408023_6e98fd1e3f.jpg,"red tulips in the grass, a type of tulip"
tulip\7055500907_dcf2bb50e0.jpg,"purple and white tulips, a type of tulip"
tulip\7064778965_ddcc6ee9f2.jpg,"a tractor in a field, a type of tulip"
tulip\7064813645_f7f48fb527.jpg,"a tractor with a loader, a type of tulip"
tulip\7068715863_a534ac7884_n.jpg,"a street sign on a metal pole, a type of tulip"
tulip\7069622551_348d41c327_n.jpg,"a bunch of pink tulips, a type of tulip"
tulip\7070694881_e9a331fa4e_n.jpg,"a tree with the sun shining through it, a type of tulip"
tulip\7082476907_99beef0dde.jpg,"a woman in a field of yellow flowers, a type of tulip"
tulip\7082608511_f4cf233f59_n.jpg,"a field of tulips in the netherlands, a type of tulip"
tulip\7094271655_79a6f972c1_n.jpg,"a field of red and yellow flowers, a type of tulip"
tulip\7094415739_6b29e5215c_m.jpg,"a woman in a white shirt and a white shirt, a type of tulip"
tulip\7136973281_b2a935ce20.jpg,"a field of pink and white tulipas, a type of tulip"
tulip\7144016605_e159b6c06b_m.jpg,"a field of red flowers, a type of tulip"
tulip\7145978709_2d1596f462.jpg,"a pink and white tulip, a type of tulip"
tulip\7166539842_43b7e02883.jpg,"a field of flowers, a type of tulip"
tulip\7166550328_de0d73cfa9.jpg,"a purple table, a type of tulip"
tulip\7166552648_28b6dce578.jpg,"a white flower in a vase of red and white flowers, a type of tulip"
tulip\7166554924_432aaae4b2_n.jpg,"a bunch of flowers, a type of tulip"
tulip\7166564830_8b34a3fd35_n.jpg,"a field of tuliplips and other flowers, a type of tulip"
tulip\7166567320_0a2beb6d42.jpg,"a field of tulips, a type of tulip"
tulip\7166570828_7c26ca5766_n.jpg,"a wheelbark with flowers in the background, a type of tulip"
tulip\7166598930_18d8686ace_n.jpg,"a garden with lots of flowers and trees, a type of tulip"
tulip\7166606598_5d2cd307c3.jpg,"a field of tuliplips, a type of tulip"
tulip\7166618384_850905fc63_n.jpg,"a table with a bunch of flowers in vases, a type of tulip"
tulip\7166626128_8e0983ac8e_n.jpg,"red tulips in a field, a type of tulip"
tulip\7166635566_ee240b5408_n.jpg,"a park with a lot of flowers and trees, a type of tulip"
tulip\7166640338_46b15d9ec8_n.jpg,"a garden with a flower bed and a fountain, a type of tulip"
tulip\7166644048_b00a14f01b.jpg,"the trees are tall, a type of tulip"
tulip\7166646966_41d83cd703.jpg,"blue flowers in the woods, a type of tulip"
tulip\7177682195_c29265748d_n.jpg,"a garden with red tulips and yellow tulips, a type of tulip"
tulip\7179796338_05e8b1c87b.jpg,"a field of pink tulips, a type of tulip"
tulip\7205145492_baec4dbb94.jpg,"a field of red and yellow tulips, a type of tulip"
tulip\7205698252_b972087cc2.jpg,"red tulips in the fore, a type of tulip"
tulip\7247182064_f8d6759446_n.jpg,"a field of red tulips, a type of tulip"
tulip\7266196114_c2a736a15a_m.jpg,"a man sitting in a field, a type of tulip"
tulip\7342871880_c17fe0eb4f_m.jpg,"a bunch of orange tulipis, a type of tulip"
tulip\7447655334_e8f805ab95_m.jpg,"a field of flowers, a type of tulip"
tulip\7448453762_aea8739f1b.jpg,"a field of pink tulips, a type of tulip"
tulip\7481204112_e3c57dd40a_n.jpg,"a bunch of red tulips, a type of tulip"
tulip\7481215720_73e40f178f_n.jpg,"a bunch of tulips, a type of tulip"
tulip\7481217920_6f65766a1c_n.jpg,"a bunch of red tulips, a type of tulip"
tulip\7775145448_c42e638a6a_n.jpg,"a bunch of purple tulips, a type of tulip"
tulip\7806320016_fcddfc1f8f_n.jpg,"a yellow flower in a garden, a type of tulip"
tulip\8394186551_28eed83a94_m.jpg,"a field of pink and white tulipis, a type of tulip"
tulip\8454707381_453b4862eb_m.jpg,"a vase of flowers on a table, a type of tulip"
tulip\8454719295_4276c0e9c5_n.jpg,"a vase of flowers on a table, a type of tulip"
tulip\8484905084_6a18c62b13_m.jpg,"a bunch of red and yellow roses, a type of tulip"
tulip\8511683706_4173683d45_m.jpg,"a vase of flowers, a type of tulip"
tulip\8520482921_21dd204ebd_n.jpg,"a vase filled with orange and yellow tulips, a type of tulip"
tulip\8520488975_a50d377f91.jpg,"a close up of a bunch of flowers, a type of tulip"
tulip\8521597402_4b6169ba05.jpg,"a vase of white tulips, a type of tulip"
tulip\8523133474_d2c0845b54.jpg,"a bunch of pink tulips, a type of tulip"
tulip\8554190977_37ac747799_m.jpg,"a cat looking at a vase of tuliplips, a type of tulip"
tulip\8555123165_2fe57eff4f.jpg,"a vase of pink tulips, a type of tulip"
tulip\8562853756_73778dac25_n.jpg,"a bunch of pink tulipps flowers with water droplets, a type of tulip"
tulip\8572847041_d0cc07861f_n.jpg,"a single white tulipace flower with a blue swirl background, a type of tulip"
tulip\8601596054_33e40c2a7a.jpg,"a vase of pink tulipps, a type of tulip"
tulip\8603340662_0779bd87fd.jpg,"a vase of tulips, a type of tulip"
tulip\8605564823_7a59d3d92a.jpg,"a wooden fence, a type of tulip"
tulip\8614237582_74417799f4_m.jpg,"a white flower with a blue background, a type of tulip"
tulip\8619064872_dea79a9eb9.jpg,"a bunch of red and yellow tulips, a type of tulip"
tulip\8622237974_b362574785_n.jpg,"a bunch of red and yellow tulipis, a type of tulip"
tulip\8623170936_83f4152431.jpg,"a dog sitting in a basket with flowers, a type of tulip"
tulip\8623173256_3f0eb4c506.jpg,"a dog wearing a tia, a type of tulip"
tulip\8628453641_6f87755815_m.jpg,"a bunch of flowers, a type of tulip"
tulip\8659691170_09db83d023.jpg,"red tulips in the sand, a type of tulip"
tulip\8668973377_c69527db42_m.jpg,"a bunch of tulips, a type of tulip"
tulip\8668974855_8389ecbdca_m.jpg,"a bouquet of flowers, a type of tulip"
tulip\8669794378_97dda6036f_n.jpg,"a field of yellow tulipis in front of a building, a type of tulip"
tulip\8673412732_f8fd690ee4_n.jpg,"a field of yellow and red tulipas, a type of tulip"
tulip\8673416166_620fc18e2f_n.jpg,"a field of white flowers, a type of tulip"
tulip\8673416556_639f5c88f1_n.jpg,"a red tulip in a field of white tulips, a type of tulip"
tulip\8677713853_1312f65e71.jpg,"a bunch of flowers, a type of tulip"
tulip\8681825637_837a63513a_n.jpg,"a bunch of pink tulips in a park, a type of tulip"
tulip\8686013485_3c4dfbfd1f_n.jpg,"photograph - tulipliplipliplipliplipliplipliplipliplipliplipliplipliplipliplipliplipliplipliplip, a type of tulip"
tulip\8686332852_c6dcb2e86b.jpg,"a field of tulips, a type of tulip"
tulip\8687675254_c93f50d8b0_m.jpg,"a bunch of flowers with a butterfly on top, a type of tulip"
tulip\8688502760_1c8d6de921_m.jpg,"a field of yellow tulipis, a type of tulip"
tulip\8689672277_b289909f97_n.jpg,"a field of tuliplips, a type of tulip"
tulip\8690789564_394eb04982_n.jpg,"a field of tulips, a type of tulip"
tulip\8690791226_b1f015259f_n.jpg,"a field of red and yellow tulipas, a type of tulip"
tulip\8695367666_0809529eaf_n.jpg,"a bunch of pink tulips in a flower bed, a type of tulip"
tulip\8695372372_302135aeb2.jpg,"a flower bed, a type of tulip"
tulip\8697784345_e75913d220.jpg,"a pink tulip in a field of tulips, a type of tulip"
tulip\8702982836_75222725d7.jpg,"a blue sky, a type of tulip"
tulip\8706523526_a0f161b72b.jpg,"a field of pink tulips, a type of tulip"
tulip\8708209606_d3aede4801.jpg,"a red flower with green leaves in the background, a type of tulip"
tulip\8708856019_f3be2353a4_n.jpg,"a black door handle, a type of tulip"
tulip\8710148289_6fc196a0f8_n.jpg,"a field of red tulips, a type of tulip"
tulip\8711277462_b43df5454b_m.jpg,"a painting of a colorful flower garden, a type of tulip"
tulip\8712230357_1298b8513b.jpg,"a pink tulipow, a type of tulip"
tulip\8712243901_54d686319e_m.jpg,"a red and white tulipow, a type of tulip"
tulip\8712244311_da8e90bf8e_n.jpg,"a bunch of red and white tulips, a type of tulip"
tulip\8712260079_c0ff42e0e2_n.jpg,"a bunch of red tulips, a type of tulip"
tulip\8712263493_3db76c5f82.jpg,"a field of pink tulips, a type of tulip"
tulip\8712266605_3787e346cd_n.jpg,"a field of red and yellow tulipis, a type of tulip"
tulip\8712267391_c756f18ee7_n.jpg,"a field of pink tulipis, a type of tulip"
tulip\8712267813_f7a9be2ec5.jpg,"a field of tulips, a type of tulip"
tulip\8712268519_f4c2c39a06_n.jpg,"tuliplipom tulipoon tulipoon tulipoon tulipoon tulipoon tulipoon tulipoon tulipoon tu, a type of tulip"
tulip\8712269349_2b933da2b8_n.jpg,"a bed of tulipis, a type of tulip"
tulip\8712270243_8512cf4fbd.jpg,"a bunch of flowers, a type of tulip"
tulip\8712270665_57b5bda0a2_n.jpg,"a field of orange and yellow tulipas, a type of tulip"
tulip\8712282563_3819afb7bc.jpg,"a bunch of pink tulips, a type of tulip"
tulip\8713357842_9964a93473_n.jpg,"a field of yellow tulips with red tulips in the background, a type of tulip"
tulip\8713387500_6a9138b41b_n.jpg,"a field of pink tulips with a red and white tulip, a type of tulip"
tulip\8713388322_e5ae26263b_n.jpg,"a field of orange tulipis, a type of tulip"
tulip\8713389178_66bceb71a8_n.jpg,"photograph - tulipliplipliplipliplipliplipliplipliplipliplipliplipliplipliplipliplipliplipliplip, a type of tulip"
tulip\8713390684_041148dd3e_n.jpg,"a bunch of tulips in a garden, a type of tulip"
tulip\8713391394_4b679ea1e3_n.jpg,"a bunch of red and white tulips, a type of tulip"
tulip\8713392604_90631fb809_n.jpg,"a field of tuliplips, a type of tulip"
tulip\8713394070_b24561b0a9.jpg,"a field of pink tulips, a type of tulip"
tulip\8713396140_5af8136136.jpg,"a field of orange and yellow tulipas, a type of tulip"
tulip\8713397358_0505cc0176_n.jpg,"a field of pink tulipis, a type of tulip"
tulip\8713397694_bcbcbba2c2_n.jpg,"a field of red and yellow tulips, a type of tulip"
tulip\8713398114_bc96f1b624_n.jpg,"a garden filled with lots of flowers and plants, a type of tulip"
tulip\8713398614_88202e452e_n.jpg,"a field of tulips and other flowers, a type of tulip"
tulip\8713398906_28e59a225a_n.jpg,"a bunch of white and yellow flowers with water droplets, a type of tulip"
tulip\8713407768_f880df361f.jpg,"a bunch of pink tulips, a type of tulip"
tulip\8717900362_2aa508e9e5.jpg,"a tree with lots of flowers, a type of tulip"
tulip\8722514702_7ecc68691c.jpg,"a bunch of red flowers, a type of tulip"
tulip\8723767533_9145dec4bd_n.jpg,"red tulips in a field of yellow tulips, a type of tulip"
tulip\8729501081_b993185542_m.jpg,"a picture of a flower, a type of tulip"
tulip\8733586143_3139db6e9e_n.jpg,"a black cat sitting on a table next to a vase of flowers, a type of tulip"
tulip\8748266132_5298a91dcf_n.jpg,"a field of tulips in the netherlands, a type of tulip"
tulip\8750288831_5e49a9f29b.jpg,"a bunch of red tulips, a type of tulip"
tulip\8757486380_90952c5377.jpg,"a large group of flowers, a type of tulip"
tulip\8762189906_8223cef62f.jpg,"a purple flower, a type of tulip"
tulip\8762193202_0fbf2f6a81.jpg,"a bunch of flowers, a type of tulip"
tulip\8768645961_8f1e097170_n.jpg,"a bunch of pink and orange tulips, a type of tulip"
tulip\8817622133_a42bb90e38_n.jpg,"a bunch of tulips, a type of tulip"
tulip\8838347159_746d14e6c1_m.jpg,"a yellow flower, a type of tulip"
tulip\8838354855_c474fc66a3_m.jpg,"a yellow flower, a type of tulip"
tulip\8838914676_8ef4db7f50_n.jpg,"a bunch of tulips, a type of tulip"
tulip\8838975946_f54194894e_m.jpg,"a bunch of flowers, a type of tulip"
tulip\8838983024_5c1a767878_n.jpg,"a field of flowers in the middle of a park, a type of tulip"
tulip\8892851067_79242a7362_n.jpg,"a field of tuliplips in front of a church, a type of tulip"
tulip\8904780994_8867d64155_n.jpg,"a bunch of tulips, a type of tulip"
tulip\8908062479_449200a1b4.jpg,"a bunch of tulips, a type of tulip"
tulip\8908097235_c3e746d36e_n.jpg,"red tulips in the garden, a type of tulip"
tulip\9019694597_2d3bbedb17.jpg,"a field of red tulips, a type of tulip"
tulip\9030467406_05e93ff171_n.jpg,"a field of tulipps, a type of tulip"
tulip\9048307967_40a164a459_m.jpg,"a single yellow tulipace, a type of tulip"
tulip\9378657435_89fabf13c9_n.jpg,"a park with a bunch of flowers in the fore, a type of tulip"
tulip\9444202147_405290415b_n.jpg,"a pink tulipow, a type of tulip"
tulip\9446982168_06c4d71da3_n.jpg,"a pink tulipow, a type of tulip"
tulip\9831362123_5aac525a99_n.jpg,"a basket of flowers, a type of tulip"
tulip\9870557734_88eb3b9e3b_n.jpg,"a field of yellow tulipis, a type of tulip"
tulip\9947374414_fdf1d0861c_n.jpg,"a woman standing in a park with a kite, a type of tulip"
tulip\9947385346_3a8cacea02_n.jpg,"a bunch of flowers, a type of tulip"
tulip\9976515506_d496c5e72c.jpg,"a field of flowers, a type of tulip"
